
Smart_AC_team.elf:     file format elf32-avr

Sections:
Idx Name          Size      VMA       LMA       File off  Algn
  0 .text         00002648  00000000  00000000  00000074  2**1
                  CONTENTS, ALLOC, LOAD, READONLY, CODE
  1 .data         0000014c  00800060  00002648  000026bc  2**0
                  CONTENTS, ALLOC, LOAD, DATA
  2 .stab         000023e8  00000000  00000000  00002808  2**2
                  CONTENTS, READONLY, DEBUGGING
  3 .stabstr      00000e75  00000000  00000000  00004bf0  2**0
                  CONTENTS, READONLY, DEBUGGING
  4 .debug_aranges 00000180  00000000  00000000  00005a65  2**0
                  CONTENTS, READONLY, DEBUGGING
  5 .debug_pubnames 000001d1  00000000  00000000  00005be5  2**0
                  CONTENTS, READONLY, DEBUGGING
  6 .debug_info   00002010  00000000  00000000  00005db6  2**0
                  CONTENTS, READONLY, DEBUGGING
  7 .debug_abbrev 00001161  00000000  00000000  00007dc6  2**0
                  CONTENTS, READONLY, DEBUGGING
  8 .debug_line   00001003  00000000  00000000  00008f27  2**0
                  CONTENTS, READONLY, DEBUGGING
  9 .debug_frame  000001a0  00000000  00000000  00009f2c  2**2
                  CONTENTS, READONLY, DEBUGGING
 10 .debug_str    000002be  00000000  00000000  0000a0cc  2**0
                  CONTENTS, READONLY, DEBUGGING
 11 .debug_loc    0000090e  00000000  00000000  0000a38a  2**0
                  CONTENTS, READONLY, DEBUGGING
 12 .debug_ranges 00000050  00000000  00000000  0000ac98  2**0
                  CONTENTS, READONLY, DEBUGGING

Disassembly of section .text:

00000000 <__vectors>:
       0:	0c 94 2a 00 	jmp	0x54	; 0x54 <__ctors_end>
       4:	0c 94 3f 00 	jmp	0x7e	; 0x7e <__bad_interrupt>
       8:	0c 94 3f 00 	jmp	0x7e	; 0x7e <__bad_interrupt>
       c:	0c 94 3f 00 	jmp	0x7e	; 0x7e <__bad_interrupt>
      10:	0c 94 3f 00 	jmp	0x7e	; 0x7e <__bad_interrupt>
      14:	0c 94 3f 00 	jmp	0x7e	; 0x7e <__bad_interrupt>
      18:	0c 94 3f 00 	jmp	0x7e	; 0x7e <__bad_interrupt>
      1c:	0c 94 3f 00 	jmp	0x7e	; 0x7e <__bad_interrupt>
      20:	0c 94 3f 00 	jmp	0x7e	; 0x7e <__bad_interrupt>
      24:	0c 94 3f 00 	jmp	0x7e	; 0x7e <__bad_interrupt>
      28:	0c 94 3f 00 	jmp	0x7e	; 0x7e <__bad_interrupt>
      2c:	0c 94 3f 00 	jmp	0x7e	; 0x7e <__bad_interrupt>
      30:	0c 94 3f 00 	jmp	0x7e	; 0x7e <__bad_interrupt>
      34:	0c 94 3f 00 	jmp	0x7e	; 0x7e <__bad_interrupt>
      38:	0c 94 3f 00 	jmp	0x7e	; 0x7e <__bad_interrupt>
      3c:	0c 94 3f 00 	jmp	0x7e	; 0x7e <__bad_interrupt>
      40:	0c 94 3f 00 	jmp	0x7e	; 0x7e <__bad_interrupt>
      44:	0c 94 3f 00 	jmp	0x7e	; 0x7e <__bad_interrupt>
      48:	0c 94 3f 00 	jmp	0x7e	; 0x7e <__bad_interrupt>
      4c:	0c 94 3f 00 	jmp	0x7e	; 0x7e <__bad_interrupt>
      50:	0c 94 3f 00 	jmp	0x7e	; 0x7e <__bad_interrupt>

00000054 <__ctors_end>:
      54:	11 24       	eor	r1, r1
      56:	1f be       	out	0x3f, r1	; 63
      58:	cf e5       	ldi	r28, 0x5F	; 95
      5a:	d8 e0       	ldi	r29, 0x08	; 8
      5c:	de bf       	out	0x3e, r29	; 62
      5e:	cd bf       	out	0x3d, r28	; 61

00000060 <__do_copy_data>:
      60:	11 e0       	ldi	r17, 0x01	; 1
      62:	a0 e6       	ldi	r26, 0x60	; 96
      64:	b0 e0       	ldi	r27, 0x00	; 0
      66:	e8 e4       	ldi	r30, 0x48	; 72
      68:	f6 e2       	ldi	r31, 0x26	; 38
      6a:	02 c0       	rjmp	.+4      	; 0x70 <.do_copy_data_start>

0000006c <.do_copy_data_loop>:
      6c:	05 90       	lpm	r0, Z+
      6e:	0d 92       	st	X+, r0

00000070 <.do_copy_data_start>:
      70:	ac 3a       	cpi	r26, 0xAC	; 172
      72:	b1 07       	cpc	r27, r17
      74:	d9 f7       	brne	.-10     	; 0x6c <.do_copy_data_loop>
      76:	0e 94 e4 0f 	call	0x1fc8	; 0x1fc8 <main>
      7a:	0c 94 22 13 	jmp	0x2644	; 0x2644 <_exit>

0000007e <__bad_interrupt>:
      7e:	0c 94 00 00 	jmp	0	; 0x0 <__vectors>

00000082 <__fixunssfsi>:
      82:	ef 92       	push	r14
      84:	ff 92       	push	r15
      86:	0f 93       	push	r16
      88:	1f 93       	push	r17
      8a:	7b 01       	movw	r14, r22
      8c:	8c 01       	movw	r16, r24
      8e:	20 e0       	ldi	r18, 0x00	; 0
      90:	30 e0       	ldi	r19, 0x00	; 0
      92:	40 e0       	ldi	r20, 0x00	; 0
      94:	5f e4       	ldi	r21, 0x4F	; 79
      96:	0e 94 41 03 	call	0x682	; 0x682 <__gesf2>
      9a:	88 23       	and	r24, r24
      9c:	8c f0       	brlt	.+34     	; 0xc0 <__fixunssfsi+0x3e>
      9e:	c8 01       	movw	r24, r16
      a0:	b7 01       	movw	r22, r14
      a2:	20 e0       	ldi	r18, 0x00	; 0
      a4:	30 e0       	ldi	r19, 0x00	; 0
      a6:	40 e0       	ldi	r20, 0x00	; 0
      a8:	5f e4       	ldi	r21, 0x4F	; 79
      aa:	0e 94 b9 01 	call	0x372	; 0x372 <__subsf3>
      ae:	0e 94 ff 03 	call	0x7fe	; 0x7fe <__fixsfsi>
      b2:	9b 01       	movw	r18, r22
      b4:	ac 01       	movw	r20, r24
      b6:	20 50       	subi	r18, 0x00	; 0
      b8:	30 40       	sbci	r19, 0x00	; 0
      ba:	40 40       	sbci	r20, 0x00	; 0
      bc:	50 48       	sbci	r21, 0x80	; 128
      be:	06 c0       	rjmp	.+12     	; 0xcc <__fixunssfsi+0x4a>
      c0:	c8 01       	movw	r24, r16
      c2:	b7 01       	movw	r22, r14
      c4:	0e 94 ff 03 	call	0x7fe	; 0x7fe <__fixsfsi>
      c8:	9b 01       	movw	r18, r22
      ca:	ac 01       	movw	r20, r24
      cc:	b9 01       	movw	r22, r18
      ce:	ca 01       	movw	r24, r20
      d0:	1f 91       	pop	r17
      d2:	0f 91       	pop	r16
      d4:	ff 90       	pop	r15
      d6:	ef 90       	pop	r14
      d8:	08 95       	ret

000000da <_fpadd_parts>:
      da:	a0 e0       	ldi	r26, 0x00	; 0
      dc:	b0 e0       	ldi	r27, 0x00	; 0
      de:	e3 e7       	ldi	r30, 0x73	; 115
      e0:	f0 e0       	ldi	r31, 0x00	; 0
      e2:	0c 94 eb 12 	jmp	0x25d6	; 0x25d6 <__prologue_saves__>
      e6:	dc 01       	movw	r26, r24
      e8:	2b 01       	movw	r4, r22
      ea:	fa 01       	movw	r30, r20
      ec:	9c 91       	ld	r25, X
      ee:	92 30       	cpi	r25, 0x02	; 2
      f0:	08 f4       	brcc	.+2      	; 0xf4 <_fpadd_parts+0x1a>
      f2:	39 c1       	rjmp	.+626    	; 0x366 <_fpadd_parts+0x28c>
      f4:	eb 01       	movw	r28, r22
      f6:	88 81       	ld	r24, Y
      f8:	82 30       	cpi	r24, 0x02	; 2
      fa:	08 f4       	brcc	.+2      	; 0xfe <_fpadd_parts+0x24>
      fc:	33 c1       	rjmp	.+614    	; 0x364 <_fpadd_parts+0x28a>
      fe:	94 30       	cpi	r25, 0x04	; 4
     100:	69 f4       	brne	.+26     	; 0x11c <_fpadd_parts+0x42>
     102:	84 30       	cpi	r24, 0x04	; 4
     104:	09 f0       	breq	.+2      	; 0x108 <_fpadd_parts+0x2e>
     106:	2f c1       	rjmp	.+606    	; 0x366 <_fpadd_parts+0x28c>
     108:	11 96       	adiw	r26, 0x01	; 1
     10a:	9c 91       	ld	r25, X
     10c:	11 97       	sbiw	r26, 0x01	; 1
     10e:	89 81       	ldd	r24, Y+1	; 0x01
     110:	98 17       	cp	r25, r24
     112:	09 f4       	brne	.+2      	; 0x116 <_fpadd_parts+0x3c>
     114:	28 c1       	rjmp	.+592    	; 0x366 <_fpadd_parts+0x28c>
     116:	a3 ea       	ldi	r26, 0xA3	; 163
     118:	b0 e0       	ldi	r27, 0x00	; 0
     11a:	25 c1       	rjmp	.+586    	; 0x366 <_fpadd_parts+0x28c>
     11c:	84 30       	cpi	r24, 0x04	; 4
     11e:	09 f4       	brne	.+2      	; 0x122 <_fpadd_parts+0x48>
     120:	21 c1       	rjmp	.+578    	; 0x364 <_fpadd_parts+0x28a>
     122:	82 30       	cpi	r24, 0x02	; 2
     124:	a9 f4       	brne	.+42     	; 0x150 <_fpadd_parts+0x76>
     126:	92 30       	cpi	r25, 0x02	; 2
     128:	09 f0       	breq	.+2      	; 0x12c <_fpadd_parts+0x52>
     12a:	1d c1       	rjmp	.+570    	; 0x366 <_fpadd_parts+0x28c>
     12c:	9a 01       	movw	r18, r20
     12e:	ad 01       	movw	r20, r26
     130:	88 e0       	ldi	r24, 0x08	; 8
     132:	ea 01       	movw	r28, r20
     134:	09 90       	ld	r0, Y+
     136:	ae 01       	movw	r20, r28
     138:	e9 01       	movw	r28, r18
     13a:	09 92       	st	Y+, r0
     13c:	9e 01       	movw	r18, r28
     13e:	81 50       	subi	r24, 0x01	; 1
     140:	c1 f7       	brne	.-16     	; 0x132 <_fpadd_parts+0x58>
     142:	e2 01       	movw	r28, r4
     144:	89 81       	ldd	r24, Y+1	; 0x01
     146:	11 96       	adiw	r26, 0x01	; 1
     148:	9c 91       	ld	r25, X
     14a:	89 23       	and	r24, r25
     14c:	81 83       	std	Z+1, r24	; 0x01
     14e:	08 c1       	rjmp	.+528    	; 0x360 <_fpadd_parts+0x286>
     150:	92 30       	cpi	r25, 0x02	; 2
     152:	09 f4       	brne	.+2      	; 0x156 <_fpadd_parts+0x7c>
     154:	07 c1       	rjmp	.+526    	; 0x364 <_fpadd_parts+0x28a>
     156:	12 96       	adiw	r26, 0x02	; 2
     158:	2d 90       	ld	r2, X+
     15a:	3c 90       	ld	r3, X
     15c:	13 97       	sbiw	r26, 0x03	; 3
     15e:	eb 01       	movw	r28, r22
     160:	8a 81       	ldd	r24, Y+2	; 0x02
     162:	9b 81       	ldd	r25, Y+3	; 0x03
     164:	14 96       	adiw	r26, 0x04	; 4
     166:	ad 90       	ld	r10, X+
     168:	bd 90       	ld	r11, X+
     16a:	cd 90       	ld	r12, X+
     16c:	dc 90       	ld	r13, X
     16e:	17 97       	sbiw	r26, 0x07	; 7
     170:	ec 80       	ldd	r14, Y+4	; 0x04
     172:	fd 80       	ldd	r15, Y+5	; 0x05
     174:	0e 81       	ldd	r16, Y+6	; 0x06
     176:	1f 81       	ldd	r17, Y+7	; 0x07
     178:	91 01       	movw	r18, r2
     17a:	28 1b       	sub	r18, r24
     17c:	39 0b       	sbc	r19, r25
     17e:	b9 01       	movw	r22, r18
     180:	37 ff       	sbrs	r19, 7
     182:	04 c0       	rjmp	.+8      	; 0x18c <_fpadd_parts+0xb2>
     184:	66 27       	eor	r22, r22
     186:	77 27       	eor	r23, r23
     188:	62 1b       	sub	r22, r18
     18a:	73 0b       	sbc	r23, r19
     18c:	60 32       	cpi	r22, 0x20	; 32
     18e:	71 05       	cpc	r23, r1
     190:	0c f0       	brlt	.+2      	; 0x194 <_fpadd_parts+0xba>
     192:	61 c0       	rjmp	.+194    	; 0x256 <_fpadd_parts+0x17c>
     194:	12 16       	cp	r1, r18
     196:	13 06       	cpc	r1, r19
     198:	6c f5       	brge	.+90     	; 0x1f4 <_fpadd_parts+0x11a>
     19a:	37 01       	movw	r6, r14
     19c:	48 01       	movw	r8, r16
     19e:	06 2e       	mov	r0, r22
     1a0:	04 c0       	rjmp	.+8      	; 0x1aa <_fpadd_parts+0xd0>
     1a2:	96 94       	lsr	r9
     1a4:	87 94       	ror	r8
     1a6:	77 94       	ror	r7
     1a8:	67 94       	ror	r6
     1aa:	0a 94       	dec	r0
     1ac:	d2 f7       	brpl	.-12     	; 0x1a2 <_fpadd_parts+0xc8>
     1ae:	21 e0       	ldi	r18, 0x01	; 1
     1b0:	30 e0       	ldi	r19, 0x00	; 0
     1b2:	40 e0       	ldi	r20, 0x00	; 0
     1b4:	50 e0       	ldi	r21, 0x00	; 0
     1b6:	04 c0       	rjmp	.+8      	; 0x1c0 <_fpadd_parts+0xe6>
     1b8:	22 0f       	add	r18, r18
     1ba:	33 1f       	adc	r19, r19
     1bc:	44 1f       	adc	r20, r20
     1be:	55 1f       	adc	r21, r21
     1c0:	6a 95       	dec	r22
     1c2:	d2 f7       	brpl	.-12     	; 0x1b8 <_fpadd_parts+0xde>
     1c4:	21 50       	subi	r18, 0x01	; 1
     1c6:	30 40       	sbci	r19, 0x00	; 0
     1c8:	40 40       	sbci	r20, 0x00	; 0
     1ca:	50 40       	sbci	r21, 0x00	; 0
     1cc:	2e 21       	and	r18, r14
     1ce:	3f 21       	and	r19, r15
     1d0:	40 23       	and	r20, r16
     1d2:	51 23       	and	r21, r17
     1d4:	21 15       	cp	r18, r1
     1d6:	31 05       	cpc	r19, r1
     1d8:	41 05       	cpc	r20, r1
     1da:	51 05       	cpc	r21, r1
     1dc:	21 f0       	breq	.+8      	; 0x1e6 <_fpadd_parts+0x10c>
     1de:	21 e0       	ldi	r18, 0x01	; 1
     1e0:	30 e0       	ldi	r19, 0x00	; 0
     1e2:	40 e0       	ldi	r20, 0x00	; 0
     1e4:	50 e0       	ldi	r21, 0x00	; 0
     1e6:	79 01       	movw	r14, r18
     1e8:	8a 01       	movw	r16, r20
     1ea:	e6 28       	or	r14, r6
     1ec:	f7 28       	or	r15, r7
     1ee:	08 29       	or	r16, r8
     1f0:	19 29       	or	r17, r9
     1f2:	3c c0       	rjmp	.+120    	; 0x26c <_fpadd_parts+0x192>
     1f4:	23 2b       	or	r18, r19
     1f6:	d1 f1       	breq	.+116    	; 0x26c <_fpadd_parts+0x192>
     1f8:	26 0e       	add	r2, r22
     1fa:	37 1e       	adc	r3, r23
     1fc:	35 01       	movw	r6, r10
     1fe:	46 01       	movw	r8, r12
     200:	06 2e       	mov	r0, r22
     202:	04 c0       	rjmp	.+8      	; 0x20c <_fpadd_parts+0x132>
     204:	96 94       	lsr	r9
     206:	87 94       	ror	r8
     208:	77 94       	ror	r7
     20a:	67 94       	ror	r6
     20c:	0a 94       	dec	r0
     20e:	d2 f7       	brpl	.-12     	; 0x204 <_fpadd_parts+0x12a>
     210:	21 e0       	ldi	r18, 0x01	; 1
     212:	30 e0       	ldi	r19, 0x00	; 0
     214:	40 e0       	ldi	r20, 0x00	; 0
     216:	50 e0       	ldi	r21, 0x00	; 0
     218:	04 c0       	rjmp	.+8      	; 0x222 <_fpadd_parts+0x148>
     21a:	22 0f       	add	r18, r18
     21c:	33 1f       	adc	r19, r19
     21e:	44 1f       	adc	r20, r20
     220:	55 1f       	adc	r21, r21
     222:	6a 95       	dec	r22
     224:	d2 f7       	brpl	.-12     	; 0x21a <_fpadd_parts+0x140>
     226:	21 50       	subi	r18, 0x01	; 1
     228:	30 40       	sbci	r19, 0x00	; 0
     22a:	40 40       	sbci	r20, 0x00	; 0
     22c:	50 40       	sbci	r21, 0x00	; 0
     22e:	2a 21       	and	r18, r10
     230:	3b 21       	and	r19, r11
     232:	4c 21       	and	r20, r12
     234:	5d 21       	and	r21, r13
     236:	21 15       	cp	r18, r1
     238:	31 05       	cpc	r19, r1
     23a:	41 05       	cpc	r20, r1
     23c:	51 05       	cpc	r21, r1
     23e:	21 f0       	breq	.+8      	; 0x248 <_fpadd_parts+0x16e>
     240:	21 e0       	ldi	r18, 0x01	; 1
     242:	30 e0       	ldi	r19, 0x00	; 0
     244:	40 e0       	ldi	r20, 0x00	; 0
     246:	50 e0       	ldi	r21, 0x00	; 0
     248:	59 01       	movw	r10, r18
     24a:	6a 01       	movw	r12, r20
     24c:	a6 28       	or	r10, r6
     24e:	b7 28       	or	r11, r7
     250:	c8 28       	or	r12, r8
     252:	d9 28       	or	r13, r9
     254:	0b c0       	rjmp	.+22     	; 0x26c <_fpadd_parts+0x192>
     256:	82 15       	cp	r24, r2
     258:	93 05       	cpc	r25, r3
     25a:	2c f0       	brlt	.+10     	; 0x266 <_fpadd_parts+0x18c>
     25c:	1c 01       	movw	r2, r24
     25e:	aa 24       	eor	r10, r10
     260:	bb 24       	eor	r11, r11
     262:	65 01       	movw	r12, r10
     264:	03 c0       	rjmp	.+6      	; 0x26c <_fpadd_parts+0x192>
     266:	ee 24       	eor	r14, r14
     268:	ff 24       	eor	r15, r15
     26a:	87 01       	movw	r16, r14
     26c:	11 96       	adiw	r26, 0x01	; 1
     26e:	9c 91       	ld	r25, X
     270:	d2 01       	movw	r26, r4
     272:	11 96       	adiw	r26, 0x01	; 1
     274:	8c 91       	ld	r24, X
     276:	98 17       	cp	r25, r24
     278:	09 f4       	brne	.+2      	; 0x27c <_fpadd_parts+0x1a2>
     27a:	45 c0       	rjmp	.+138    	; 0x306 <_fpadd_parts+0x22c>
     27c:	99 23       	and	r25, r25
     27e:	39 f0       	breq	.+14     	; 0x28e <_fpadd_parts+0x1b4>
     280:	a8 01       	movw	r20, r16
     282:	97 01       	movw	r18, r14
     284:	2a 19       	sub	r18, r10
     286:	3b 09       	sbc	r19, r11
     288:	4c 09       	sbc	r20, r12
     28a:	5d 09       	sbc	r21, r13
     28c:	06 c0       	rjmp	.+12     	; 0x29a <_fpadd_parts+0x1c0>
     28e:	a6 01       	movw	r20, r12
     290:	95 01       	movw	r18, r10
     292:	2e 19       	sub	r18, r14
     294:	3f 09       	sbc	r19, r15
     296:	40 0b       	sbc	r20, r16
     298:	51 0b       	sbc	r21, r17
     29a:	57 fd       	sbrc	r21, 7
     29c:	08 c0       	rjmp	.+16     	; 0x2ae <_fpadd_parts+0x1d4>
     29e:	11 82       	std	Z+1, r1	; 0x01
     2a0:	33 82       	std	Z+3, r3	; 0x03
     2a2:	22 82       	std	Z+2, r2	; 0x02
     2a4:	24 83       	std	Z+4, r18	; 0x04
     2a6:	35 83       	std	Z+5, r19	; 0x05
     2a8:	46 83       	std	Z+6, r20	; 0x06
     2aa:	57 83       	std	Z+7, r21	; 0x07
     2ac:	1d c0       	rjmp	.+58     	; 0x2e8 <_fpadd_parts+0x20e>
     2ae:	81 e0       	ldi	r24, 0x01	; 1
     2b0:	81 83       	std	Z+1, r24	; 0x01
     2b2:	33 82       	std	Z+3, r3	; 0x03
     2b4:	22 82       	std	Z+2, r2	; 0x02
     2b6:	88 27       	eor	r24, r24
     2b8:	99 27       	eor	r25, r25
     2ba:	dc 01       	movw	r26, r24
     2bc:	82 1b       	sub	r24, r18
     2be:	93 0b       	sbc	r25, r19
     2c0:	a4 0b       	sbc	r26, r20
     2c2:	b5 0b       	sbc	r27, r21
     2c4:	84 83       	std	Z+4, r24	; 0x04
     2c6:	95 83       	std	Z+5, r25	; 0x05
     2c8:	a6 83       	std	Z+6, r26	; 0x06
     2ca:	b7 83       	std	Z+7, r27	; 0x07
     2cc:	0d c0       	rjmp	.+26     	; 0x2e8 <_fpadd_parts+0x20e>
     2ce:	22 0f       	add	r18, r18
     2d0:	33 1f       	adc	r19, r19
     2d2:	44 1f       	adc	r20, r20
     2d4:	55 1f       	adc	r21, r21
     2d6:	24 83       	std	Z+4, r18	; 0x04
     2d8:	35 83       	std	Z+5, r19	; 0x05
     2da:	46 83       	std	Z+6, r20	; 0x06
     2dc:	57 83       	std	Z+7, r21	; 0x07
     2de:	82 81       	ldd	r24, Z+2	; 0x02
     2e0:	93 81       	ldd	r25, Z+3	; 0x03
     2e2:	01 97       	sbiw	r24, 0x01	; 1
     2e4:	93 83       	std	Z+3, r25	; 0x03
     2e6:	82 83       	std	Z+2, r24	; 0x02
     2e8:	24 81       	ldd	r18, Z+4	; 0x04
     2ea:	35 81       	ldd	r19, Z+5	; 0x05
     2ec:	46 81       	ldd	r20, Z+6	; 0x06
     2ee:	57 81       	ldd	r21, Z+7	; 0x07
     2f0:	da 01       	movw	r26, r20
     2f2:	c9 01       	movw	r24, r18
     2f4:	01 97       	sbiw	r24, 0x01	; 1
     2f6:	a1 09       	sbc	r26, r1
     2f8:	b1 09       	sbc	r27, r1
     2fa:	8f 5f       	subi	r24, 0xFF	; 255
     2fc:	9f 4f       	sbci	r25, 0xFF	; 255
     2fe:	af 4f       	sbci	r26, 0xFF	; 255
     300:	bf 43       	sbci	r27, 0x3F	; 63
     302:	28 f3       	brcs	.-54     	; 0x2ce <_fpadd_parts+0x1f4>
     304:	0b c0       	rjmp	.+22     	; 0x31c <_fpadd_parts+0x242>
     306:	91 83       	std	Z+1, r25	; 0x01
     308:	33 82       	std	Z+3, r3	; 0x03
     30a:	22 82       	std	Z+2, r2	; 0x02
     30c:	ea 0c       	add	r14, r10
     30e:	fb 1c       	adc	r15, r11
     310:	0c 1d       	adc	r16, r12
     312:	1d 1d       	adc	r17, r13
     314:	e4 82       	std	Z+4, r14	; 0x04
     316:	f5 82       	std	Z+5, r15	; 0x05
     318:	06 83       	std	Z+6, r16	; 0x06
     31a:	17 83       	std	Z+7, r17	; 0x07
     31c:	83 e0       	ldi	r24, 0x03	; 3
     31e:	80 83       	st	Z, r24
     320:	24 81       	ldd	r18, Z+4	; 0x04
     322:	35 81       	ldd	r19, Z+5	; 0x05
     324:	46 81       	ldd	r20, Z+6	; 0x06
     326:	57 81       	ldd	r21, Z+7	; 0x07
     328:	57 ff       	sbrs	r21, 7
     32a:	1a c0       	rjmp	.+52     	; 0x360 <_fpadd_parts+0x286>
     32c:	c9 01       	movw	r24, r18
     32e:	aa 27       	eor	r26, r26
     330:	97 fd       	sbrc	r25, 7
     332:	a0 95       	com	r26
     334:	ba 2f       	mov	r27, r26
     336:	81 70       	andi	r24, 0x01	; 1
     338:	90 70       	andi	r25, 0x00	; 0
     33a:	a0 70       	andi	r26, 0x00	; 0
     33c:	b0 70       	andi	r27, 0x00	; 0
     33e:	56 95       	lsr	r21
     340:	47 95       	ror	r20
     342:	37 95       	ror	r19
     344:	27 95       	ror	r18
     346:	82 2b       	or	r24, r18
     348:	93 2b       	or	r25, r19
     34a:	a4 2b       	or	r26, r20
     34c:	b5 2b       	or	r27, r21
     34e:	84 83       	std	Z+4, r24	; 0x04
     350:	95 83       	std	Z+5, r25	; 0x05
     352:	a6 83       	std	Z+6, r26	; 0x06
     354:	b7 83       	std	Z+7, r27	; 0x07
     356:	82 81       	ldd	r24, Z+2	; 0x02
     358:	93 81       	ldd	r25, Z+3	; 0x03
     35a:	01 96       	adiw	r24, 0x01	; 1
     35c:	93 83       	std	Z+3, r25	; 0x03
     35e:	82 83       	std	Z+2, r24	; 0x02
     360:	df 01       	movw	r26, r30
     362:	01 c0       	rjmp	.+2      	; 0x366 <_fpadd_parts+0x28c>
     364:	d2 01       	movw	r26, r4
     366:	cd 01       	movw	r24, r26
     368:	cd b7       	in	r28, 0x3d	; 61
     36a:	de b7       	in	r29, 0x3e	; 62
     36c:	e2 e1       	ldi	r30, 0x12	; 18
     36e:	0c 94 07 13 	jmp	0x260e	; 0x260e <__epilogue_restores__>

00000372 <__subsf3>:
     372:	a0 e2       	ldi	r26, 0x20	; 32
     374:	b0 e0       	ldi	r27, 0x00	; 0
     376:	ef eb       	ldi	r30, 0xBF	; 191
     378:	f1 e0       	ldi	r31, 0x01	; 1
     37a:	0c 94 f7 12 	jmp	0x25ee	; 0x25ee <__prologue_saves__+0x18>
     37e:	69 83       	std	Y+1, r22	; 0x01
     380:	7a 83       	std	Y+2, r23	; 0x02
     382:	8b 83       	std	Y+3, r24	; 0x03
     384:	9c 83       	std	Y+4, r25	; 0x04
     386:	2d 83       	std	Y+5, r18	; 0x05
     388:	3e 83       	std	Y+6, r19	; 0x06
     38a:	4f 83       	std	Y+7, r20	; 0x07
     38c:	58 87       	std	Y+8, r21	; 0x08
     38e:	e9 e0       	ldi	r30, 0x09	; 9
     390:	ee 2e       	mov	r14, r30
     392:	f1 2c       	mov	r15, r1
     394:	ec 0e       	add	r14, r28
     396:	fd 1e       	adc	r15, r29
     398:	ce 01       	movw	r24, r28
     39a:	01 96       	adiw	r24, 0x01	; 1
     39c:	b7 01       	movw	r22, r14
     39e:	0e 94 77 05 	call	0xaee	; 0xaee <__unpack_f>
     3a2:	8e 01       	movw	r16, r28
     3a4:	0f 5e       	subi	r16, 0xEF	; 239
     3a6:	1f 4f       	sbci	r17, 0xFF	; 255
     3a8:	ce 01       	movw	r24, r28
     3aa:	05 96       	adiw	r24, 0x05	; 5
     3ac:	b8 01       	movw	r22, r16
     3ae:	0e 94 77 05 	call	0xaee	; 0xaee <__unpack_f>
     3b2:	8a 89       	ldd	r24, Y+18	; 0x12
     3b4:	91 e0       	ldi	r25, 0x01	; 1
     3b6:	89 27       	eor	r24, r25
     3b8:	8a 8b       	std	Y+18, r24	; 0x12
     3ba:	c7 01       	movw	r24, r14
     3bc:	b8 01       	movw	r22, r16
     3be:	ae 01       	movw	r20, r28
     3c0:	47 5e       	subi	r20, 0xE7	; 231
     3c2:	5f 4f       	sbci	r21, 0xFF	; 255
     3c4:	0e 94 6d 00 	call	0xda	; 0xda <_fpadd_parts>
     3c8:	0e 94 a2 04 	call	0x944	; 0x944 <__pack_f>
     3cc:	a0 96       	adiw	r28, 0x20	; 32
     3ce:	e6 e0       	ldi	r30, 0x06	; 6
     3d0:	0c 94 13 13 	jmp	0x2626	; 0x2626 <__epilogue_restores__+0x18>

000003d4 <__addsf3>:
     3d4:	a0 e2       	ldi	r26, 0x20	; 32
     3d6:	b0 e0       	ldi	r27, 0x00	; 0
     3d8:	e0 ef       	ldi	r30, 0xF0	; 240
     3da:	f1 e0       	ldi	r31, 0x01	; 1
     3dc:	0c 94 f7 12 	jmp	0x25ee	; 0x25ee <__prologue_saves__+0x18>
     3e0:	69 83       	std	Y+1, r22	; 0x01
     3e2:	7a 83       	std	Y+2, r23	; 0x02
     3e4:	8b 83       	std	Y+3, r24	; 0x03
     3e6:	9c 83       	std	Y+4, r25	; 0x04
     3e8:	2d 83       	std	Y+5, r18	; 0x05
     3ea:	3e 83       	std	Y+6, r19	; 0x06
     3ec:	4f 83       	std	Y+7, r20	; 0x07
     3ee:	58 87       	std	Y+8, r21	; 0x08
     3f0:	f9 e0       	ldi	r31, 0x09	; 9
     3f2:	ef 2e       	mov	r14, r31
     3f4:	f1 2c       	mov	r15, r1
     3f6:	ec 0e       	add	r14, r28
     3f8:	fd 1e       	adc	r15, r29
     3fa:	ce 01       	movw	r24, r28
     3fc:	01 96       	adiw	r24, 0x01	; 1
     3fe:	b7 01       	movw	r22, r14
     400:	0e 94 77 05 	call	0xaee	; 0xaee <__unpack_f>
     404:	8e 01       	movw	r16, r28
     406:	0f 5e       	subi	r16, 0xEF	; 239
     408:	1f 4f       	sbci	r17, 0xFF	; 255
     40a:	ce 01       	movw	r24, r28
     40c:	05 96       	adiw	r24, 0x05	; 5
     40e:	b8 01       	movw	r22, r16
     410:	0e 94 77 05 	call	0xaee	; 0xaee <__unpack_f>
     414:	c7 01       	movw	r24, r14
     416:	b8 01       	movw	r22, r16
     418:	ae 01       	movw	r20, r28
     41a:	47 5e       	subi	r20, 0xE7	; 231
     41c:	5f 4f       	sbci	r21, 0xFF	; 255
     41e:	0e 94 6d 00 	call	0xda	; 0xda <_fpadd_parts>
     422:	0e 94 a2 04 	call	0x944	; 0x944 <__pack_f>
     426:	a0 96       	adiw	r28, 0x20	; 32
     428:	e6 e0       	ldi	r30, 0x06	; 6
     42a:	0c 94 13 13 	jmp	0x2626	; 0x2626 <__epilogue_restores__+0x18>

0000042e <__mulsf3>:
     42e:	a0 e2       	ldi	r26, 0x20	; 32
     430:	b0 e0       	ldi	r27, 0x00	; 0
     432:	ed e1       	ldi	r30, 0x1D	; 29
     434:	f2 e0       	ldi	r31, 0x02	; 2
     436:	0c 94 eb 12 	jmp	0x25d6	; 0x25d6 <__prologue_saves__>
     43a:	69 83       	std	Y+1, r22	; 0x01
     43c:	7a 83       	std	Y+2, r23	; 0x02
     43e:	8b 83       	std	Y+3, r24	; 0x03
     440:	9c 83       	std	Y+4, r25	; 0x04
     442:	2d 83       	std	Y+5, r18	; 0x05
     444:	3e 83       	std	Y+6, r19	; 0x06
     446:	4f 83       	std	Y+7, r20	; 0x07
     448:	58 87       	std	Y+8, r21	; 0x08
     44a:	ce 01       	movw	r24, r28
     44c:	01 96       	adiw	r24, 0x01	; 1
     44e:	be 01       	movw	r22, r28
     450:	67 5f       	subi	r22, 0xF7	; 247
     452:	7f 4f       	sbci	r23, 0xFF	; 255
     454:	0e 94 77 05 	call	0xaee	; 0xaee <__unpack_f>
     458:	ce 01       	movw	r24, r28
     45a:	05 96       	adiw	r24, 0x05	; 5
     45c:	be 01       	movw	r22, r28
     45e:	6f 5e       	subi	r22, 0xEF	; 239
     460:	7f 4f       	sbci	r23, 0xFF	; 255
     462:	0e 94 77 05 	call	0xaee	; 0xaee <__unpack_f>
     466:	99 85       	ldd	r25, Y+9	; 0x09
     468:	92 30       	cpi	r25, 0x02	; 2
     46a:	88 f0       	brcs	.+34     	; 0x48e <__mulsf3+0x60>
     46c:	89 89       	ldd	r24, Y+17	; 0x11
     46e:	82 30       	cpi	r24, 0x02	; 2
     470:	c8 f0       	brcs	.+50     	; 0x4a4 <__mulsf3+0x76>
     472:	94 30       	cpi	r25, 0x04	; 4
     474:	19 f4       	brne	.+6      	; 0x47c <__mulsf3+0x4e>
     476:	82 30       	cpi	r24, 0x02	; 2
     478:	51 f4       	brne	.+20     	; 0x48e <__mulsf3+0x60>
     47a:	04 c0       	rjmp	.+8      	; 0x484 <__mulsf3+0x56>
     47c:	84 30       	cpi	r24, 0x04	; 4
     47e:	29 f4       	brne	.+10     	; 0x48a <__mulsf3+0x5c>
     480:	92 30       	cpi	r25, 0x02	; 2
     482:	81 f4       	brne	.+32     	; 0x4a4 <__mulsf3+0x76>
     484:	83 ea       	ldi	r24, 0xA3	; 163
     486:	90 e0       	ldi	r25, 0x00	; 0
     488:	c6 c0       	rjmp	.+396    	; 0x616 <__mulsf3+0x1e8>
     48a:	92 30       	cpi	r25, 0x02	; 2
     48c:	49 f4       	brne	.+18     	; 0x4a0 <__mulsf3+0x72>
     48e:	20 e0       	ldi	r18, 0x00	; 0
     490:	9a 85       	ldd	r25, Y+10	; 0x0a
     492:	8a 89       	ldd	r24, Y+18	; 0x12
     494:	98 13       	cpse	r25, r24
     496:	21 e0       	ldi	r18, 0x01	; 1
     498:	2a 87       	std	Y+10, r18	; 0x0a
     49a:	ce 01       	movw	r24, r28
     49c:	09 96       	adiw	r24, 0x09	; 9
     49e:	bb c0       	rjmp	.+374    	; 0x616 <__mulsf3+0x1e8>
     4a0:	82 30       	cpi	r24, 0x02	; 2
     4a2:	49 f4       	brne	.+18     	; 0x4b6 <__mulsf3+0x88>
     4a4:	20 e0       	ldi	r18, 0x00	; 0
     4a6:	9a 85       	ldd	r25, Y+10	; 0x0a
     4a8:	8a 89       	ldd	r24, Y+18	; 0x12
     4aa:	98 13       	cpse	r25, r24
     4ac:	21 e0       	ldi	r18, 0x01	; 1
     4ae:	2a 8b       	std	Y+18, r18	; 0x12
     4b0:	ce 01       	movw	r24, r28
     4b2:	41 96       	adiw	r24, 0x11	; 17
     4b4:	b0 c0       	rjmp	.+352    	; 0x616 <__mulsf3+0x1e8>
     4b6:	2d 84       	ldd	r2, Y+13	; 0x0d
     4b8:	3e 84       	ldd	r3, Y+14	; 0x0e
     4ba:	4f 84       	ldd	r4, Y+15	; 0x0f
     4bc:	58 88       	ldd	r5, Y+16	; 0x10
     4be:	6d 88       	ldd	r6, Y+21	; 0x15
     4c0:	7e 88       	ldd	r7, Y+22	; 0x16
     4c2:	8f 88       	ldd	r8, Y+23	; 0x17
     4c4:	98 8c       	ldd	r9, Y+24	; 0x18
     4c6:	ee 24       	eor	r14, r14
     4c8:	ff 24       	eor	r15, r15
     4ca:	87 01       	movw	r16, r14
     4cc:	aa 24       	eor	r10, r10
     4ce:	bb 24       	eor	r11, r11
     4d0:	65 01       	movw	r12, r10
     4d2:	40 e0       	ldi	r20, 0x00	; 0
     4d4:	50 e0       	ldi	r21, 0x00	; 0
     4d6:	60 e0       	ldi	r22, 0x00	; 0
     4d8:	70 e0       	ldi	r23, 0x00	; 0
     4da:	e0 e0       	ldi	r30, 0x00	; 0
     4dc:	f0 e0       	ldi	r31, 0x00	; 0
     4de:	c1 01       	movw	r24, r2
     4e0:	81 70       	andi	r24, 0x01	; 1
     4e2:	90 70       	andi	r25, 0x00	; 0
     4e4:	89 2b       	or	r24, r25
     4e6:	e9 f0       	breq	.+58     	; 0x522 <__mulsf3+0xf4>
     4e8:	e6 0c       	add	r14, r6
     4ea:	f7 1c       	adc	r15, r7
     4ec:	08 1d       	adc	r16, r8
     4ee:	19 1d       	adc	r17, r9
     4f0:	9a 01       	movw	r18, r20
     4f2:	ab 01       	movw	r20, r22
     4f4:	2a 0d       	add	r18, r10
     4f6:	3b 1d       	adc	r19, r11
     4f8:	4c 1d       	adc	r20, r12
     4fa:	5d 1d       	adc	r21, r13
     4fc:	80 e0       	ldi	r24, 0x00	; 0
     4fe:	90 e0       	ldi	r25, 0x00	; 0
     500:	a0 e0       	ldi	r26, 0x00	; 0
     502:	b0 e0       	ldi	r27, 0x00	; 0
     504:	e6 14       	cp	r14, r6
     506:	f7 04       	cpc	r15, r7
     508:	08 05       	cpc	r16, r8
     50a:	19 05       	cpc	r17, r9
     50c:	20 f4       	brcc	.+8      	; 0x516 <__mulsf3+0xe8>
     50e:	81 e0       	ldi	r24, 0x01	; 1
     510:	90 e0       	ldi	r25, 0x00	; 0
     512:	a0 e0       	ldi	r26, 0x00	; 0
     514:	b0 e0       	ldi	r27, 0x00	; 0
     516:	ba 01       	movw	r22, r20
     518:	a9 01       	movw	r20, r18
     51a:	48 0f       	add	r20, r24
     51c:	59 1f       	adc	r21, r25
     51e:	6a 1f       	adc	r22, r26
     520:	7b 1f       	adc	r23, r27
     522:	aa 0c       	add	r10, r10
     524:	bb 1c       	adc	r11, r11
     526:	cc 1c       	adc	r12, r12
     528:	dd 1c       	adc	r13, r13
     52a:	97 fe       	sbrs	r9, 7
     52c:	08 c0       	rjmp	.+16     	; 0x53e <__mulsf3+0x110>
     52e:	81 e0       	ldi	r24, 0x01	; 1
     530:	90 e0       	ldi	r25, 0x00	; 0
     532:	a0 e0       	ldi	r26, 0x00	; 0
     534:	b0 e0       	ldi	r27, 0x00	; 0
     536:	a8 2a       	or	r10, r24
     538:	b9 2a       	or	r11, r25
     53a:	ca 2a       	or	r12, r26
     53c:	db 2a       	or	r13, r27
     53e:	31 96       	adiw	r30, 0x01	; 1
     540:	e0 32       	cpi	r30, 0x20	; 32
     542:	f1 05       	cpc	r31, r1
     544:	49 f0       	breq	.+18     	; 0x558 <__mulsf3+0x12a>
     546:	66 0c       	add	r6, r6
     548:	77 1c       	adc	r7, r7
     54a:	88 1c       	adc	r8, r8
     54c:	99 1c       	adc	r9, r9
     54e:	56 94       	lsr	r5
     550:	47 94       	ror	r4
     552:	37 94       	ror	r3
     554:	27 94       	ror	r2
     556:	c3 cf       	rjmp	.-122    	; 0x4de <__mulsf3+0xb0>
     558:	fa 85       	ldd	r31, Y+10	; 0x0a
     55a:	ea 89       	ldd	r30, Y+18	; 0x12
     55c:	2b 89       	ldd	r18, Y+19	; 0x13
     55e:	3c 89       	ldd	r19, Y+20	; 0x14
     560:	8b 85       	ldd	r24, Y+11	; 0x0b
     562:	9c 85       	ldd	r25, Y+12	; 0x0c
     564:	28 0f       	add	r18, r24
     566:	39 1f       	adc	r19, r25
     568:	2e 5f       	subi	r18, 0xFE	; 254
     56a:	3f 4f       	sbci	r19, 0xFF	; 255
     56c:	17 c0       	rjmp	.+46     	; 0x59c <__mulsf3+0x16e>
     56e:	ca 01       	movw	r24, r20
     570:	81 70       	andi	r24, 0x01	; 1
     572:	90 70       	andi	r25, 0x00	; 0
     574:	89 2b       	or	r24, r25
     576:	61 f0       	breq	.+24     	; 0x590 <__mulsf3+0x162>
     578:	16 95       	lsr	r17
     57a:	07 95       	ror	r16
     57c:	f7 94       	ror	r15
     57e:	e7 94       	ror	r14
     580:	80 e0       	ldi	r24, 0x00	; 0
     582:	90 e0       	ldi	r25, 0x00	; 0
     584:	a0 e0       	ldi	r26, 0x00	; 0
     586:	b0 e8       	ldi	r27, 0x80	; 128
     588:	e8 2a       	or	r14, r24
     58a:	f9 2a       	or	r15, r25
     58c:	0a 2b       	or	r16, r26
     58e:	1b 2b       	or	r17, r27
     590:	76 95       	lsr	r23
     592:	67 95       	ror	r22
     594:	57 95       	ror	r21
     596:	47 95       	ror	r20
     598:	2f 5f       	subi	r18, 0xFF	; 255
     59a:	3f 4f       	sbci	r19, 0xFF	; 255
     59c:	77 fd       	sbrc	r23, 7
     59e:	e7 cf       	rjmp	.-50     	; 0x56e <__mulsf3+0x140>
     5a0:	0c c0       	rjmp	.+24     	; 0x5ba <__mulsf3+0x18c>
     5a2:	44 0f       	add	r20, r20
     5a4:	55 1f       	adc	r21, r21
     5a6:	66 1f       	adc	r22, r22
     5a8:	77 1f       	adc	r23, r23
     5aa:	17 fd       	sbrc	r17, 7
     5ac:	41 60       	ori	r20, 0x01	; 1
     5ae:	ee 0c       	add	r14, r14
     5b0:	ff 1c       	adc	r15, r15
     5b2:	00 1f       	adc	r16, r16
     5b4:	11 1f       	adc	r17, r17
     5b6:	21 50       	subi	r18, 0x01	; 1
     5b8:	30 40       	sbci	r19, 0x00	; 0
     5ba:	40 30       	cpi	r20, 0x00	; 0
     5bc:	90 e0       	ldi	r25, 0x00	; 0
     5be:	59 07       	cpc	r21, r25
     5c0:	90 e0       	ldi	r25, 0x00	; 0
     5c2:	69 07       	cpc	r22, r25
     5c4:	90 e4       	ldi	r25, 0x40	; 64
     5c6:	79 07       	cpc	r23, r25
     5c8:	60 f3       	brcs	.-40     	; 0x5a2 <__mulsf3+0x174>
     5ca:	2b 8f       	std	Y+27, r18	; 0x1b
     5cc:	3c 8f       	std	Y+28, r19	; 0x1c
     5ce:	db 01       	movw	r26, r22
     5d0:	ca 01       	movw	r24, r20
     5d2:	8f 77       	andi	r24, 0x7F	; 127
     5d4:	90 70       	andi	r25, 0x00	; 0
     5d6:	a0 70       	andi	r26, 0x00	; 0
     5d8:	b0 70       	andi	r27, 0x00	; 0
     5da:	80 34       	cpi	r24, 0x40	; 64
     5dc:	91 05       	cpc	r25, r1
     5de:	a1 05       	cpc	r26, r1
     5e0:	b1 05       	cpc	r27, r1
     5e2:	61 f4       	brne	.+24     	; 0x5fc <__mulsf3+0x1ce>
     5e4:	47 fd       	sbrc	r20, 7
     5e6:	0a c0       	rjmp	.+20     	; 0x5fc <__mulsf3+0x1ce>
     5e8:	e1 14       	cp	r14, r1
     5ea:	f1 04       	cpc	r15, r1
     5ec:	01 05       	cpc	r16, r1
     5ee:	11 05       	cpc	r17, r1
     5f0:	29 f0       	breq	.+10     	; 0x5fc <__mulsf3+0x1ce>
     5f2:	40 5c       	subi	r20, 0xC0	; 192
     5f4:	5f 4f       	sbci	r21, 0xFF	; 255
     5f6:	6f 4f       	sbci	r22, 0xFF	; 255
     5f8:	7f 4f       	sbci	r23, 0xFF	; 255
     5fa:	40 78       	andi	r20, 0x80	; 128
     5fc:	1a 8e       	std	Y+26, r1	; 0x1a
     5fe:	fe 17       	cp	r31, r30
     600:	11 f0       	breq	.+4      	; 0x606 <__mulsf3+0x1d8>
     602:	81 e0       	ldi	r24, 0x01	; 1
     604:	8a 8f       	std	Y+26, r24	; 0x1a
     606:	4d 8f       	std	Y+29, r20	; 0x1d
     608:	5e 8f       	std	Y+30, r21	; 0x1e
     60a:	6f 8f       	std	Y+31, r22	; 0x1f
     60c:	78 a3       	std	Y+32, r23	; 0x20
     60e:	83 e0       	ldi	r24, 0x03	; 3
     610:	89 8f       	std	Y+25, r24	; 0x19
     612:	ce 01       	movw	r24, r28
     614:	49 96       	adiw	r24, 0x19	; 25
     616:	0e 94 a2 04 	call	0x944	; 0x944 <__pack_f>
     61a:	a0 96       	adiw	r28, 0x20	; 32
     61c:	e2 e1       	ldi	r30, 0x12	; 18
     61e:	0c 94 07 13 	jmp	0x260e	; 0x260e <__epilogue_restores__>

00000622 <__gtsf2>:
     622:	a8 e1       	ldi	r26, 0x18	; 24
     624:	b0 e0       	ldi	r27, 0x00	; 0
     626:	e7 e1       	ldi	r30, 0x17	; 23
     628:	f3 e0       	ldi	r31, 0x03	; 3
     62a:	0c 94 f7 12 	jmp	0x25ee	; 0x25ee <__prologue_saves__+0x18>
     62e:	69 83       	std	Y+1, r22	; 0x01
     630:	7a 83       	std	Y+2, r23	; 0x02
     632:	8b 83       	std	Y+3, r24	; 0x03
     634:	9c 83       	std	Y+4, r25	; 0x04
     636:	2d 83       	std	Y+5, r18	; 0x05
     638:	3e 83       	std	Y+6, r19	; 0x06
     63a:	4f 83       	std	Y+7, r20	; 0x07
     63c:	58 87       	std	Y+8, r21	; 0x08
     63e:	89 e0       	ldi	r24, 0x09	; 9
     640:	e8 2e       	mov	r14, r24
     642:	f1 2c       	mov	r15, r1
     644:	ec 0e       	add	r14, r28
     646:	fd 1e       	adc	r15, r29
     648:	ce 01       	movw	r24, r28
     64a:	01 96       	adiw	r24, 0x01	; 1
     64c:	b7 01       	movw	r22, r14
     64e:	0e 94 77 05 	call	0xaee	; 0xaee <__unpack_f>
     652:	8e 01       	movw	r16, r28
     654:	0f 5e       	subi	r16, 0xEF	; 239
     656:	1f 4f       	sbci	r17, 0xFF	; 255
     658:	ce 01       	movw	r24, r28
     65a:	05 96       	adiw	r24, 0x05	; 5
     65c:	b8 01       	movw	r22, r16
     65e:	0e 94 77 05 	call	0xaee	; 0xaee <__unpack_f>
     662:	89 85       	ldd	r24, Y+9	; 0x09
     664:	82 30       	cpi	r24, 0x02	; 2
     666:	40 f0       	brcs	.+16     	; 0x678 <__gtsf2+0x56>
     668:	89 89       	ldd	r24, Y+17	; 0x11
     66a:	82 30       	cpi	r24, 0x02	; 2
     66c:	28 f0       	brcs	.+10     	; 0x678 <__gtsf2+0x56>
     66e:	c7 01       	movw	r24, r14
     670:	b8 01       	movw	r22, r16
     672:	0e 94 ef 05 	call	0xbde	; 0xbde <__fpcmp_parts_f>
     676:	01 c0       	rjmp	.+2      	; 0x67a <__gtsf2+0x58>
     678:	8f ef       	ldi	r24, 0xFF	; 255
     67a:	68 96       	adiw	r28, 0x18	; 24
     67c:	e6 e0       	ldi	r30, 0x06	; 6
     67e:	0c 94 13 13 	jmp	0x2626	; 0x2626 <__epilogue_restores__+0x18>

00000682 <__gesf2>:
     682:	a8 e1       	ldi	r26, 0x18	; 24
     684:	b0 e0       	ldi	r27, 0x00	; 0
     686:	e7 e4       	ldi	r30, 0x47	; 71
     688:	f3 e0       	ldi	r31, 0x03	; 3
     68a:	0c 94 f7 12 	jmp	0x25ee	; 0x25ee <__prologue_saves__+0x18>
     68e:	69 83       	std	Y+1, r22	; 0x01
     690:	7a 83       	std	Y+2, r23	; 0x02
     692:	8b 83       	std	Y+3, r24	; 0x03
     694:	9c 83       	std	Y+4, r25	; 0x04
     696:	2d 83       	std	Y+5, r18	; 0x05
     698:	3e 83       	std	Y+6, r19	; 0x06
     69a:	4f 83       	std	Y+7, r20	; 0x07
     69c:	58 87       	std	Y+8, r21	; 0x08
     69e:	89 e0       	ldi	r24, 0x09	; 9
     6a0:	e8 2e       	mov	r14, r24
     6a2:	f1 2c       	mov	r15, r1
     6a4:	ec 0e       	add	r14, r28
     6a6:	fd 1e       	adc	r15, r29
     6a8:	ce 01       	movw	r24, r28
     6aa:	01 96       	adiw	r24, 0x01	; 1
     6ac:	b7 01       	movw	r22, r14
     6ae:	0e 94 77 05 	call	0xaee	; 0xaee <__unpack_f>
     6b2:	8e 01       	movw	r16, r28
     6b4:	0f 5e       	subi	r16, 0xEF	; 239
     6b6:	1f 4f       	sbci	r17, 0xFF	; 255
     6b8:	ce 01       	movw	r24, r28
     6ba:	05 96       	adiw	r24, 0x05	; 5
     6bc:	b8 01       	movw	r22, r16
     6be:	0e 94 77 05 	call	0xaee	; 0xaee <__unpack_f>
     6c2:	89 85       	ldd	r24, Y+9	; 0x09
     6c4:	82 30       	cpi	r24, 0x02	; 2
     6c6:	40 f0       	brcs	.+16     	; 0x6d8 <__gesf2+0x56>
     6c8:	89 89       	ldd	r24, Y+17	; 0x11
     6ca:	82 30       	cpi	r24, 0x02	; 2
     6cc:	28 f0       	brcs	.+10     	; 0x6d8 <__gesf2+0x56>
     6ce:	c7 01       	movw	r24, r14
     6d0:	b8 01       	movw	r22, r16
     6d2:	0e 94 ef 05 	call	0xbde	; 0xbde <__fpcmp_parts_f>
     6d6:	01 c0       	rjmp	.+2      	; 0x6da <__gesf2+0x58>
     6d8:	8f ef       	ldi	r24, 0xFF	; 255
     6da:	68 96       	adiw	r28, 0x18	; 24
     6dc:	e6 e0       	ldi	r30, 0x06	; 6
     6de:	0c 94 13 13 	jmp	0x2626	; 0x2626 <__epilogue_restores__+0x18>

000006e2 <__ltsf2>:
     6e2:	a8 e1       	ldi	r26, 0x18	; 24
     6e4:	b0 e0       	ldi	r27, 0x00	; 0
     6e6:	e7 e7       	ldi	r30, 0x77	; 119
     6e8:	f3 e0       	ldi	r31, 0x03	; 3
     6ea:	0c 94 f7 12 	jmp	0x25ee	; 0x25ee <__prologue_saves__+0x18>
     6ee:	69 83       	std	Y+1, r22	; 0x01
     6f0:	7a 83       	std	Y+2, r23	; 0x02
     6f2:	8b 83       	std	Y+3, r24	; 0x03
     6f4:	9c 83       	std	Y+4, r25	; 0x04
     6f6:	2d 83       	std	Y+5, r18	; 0x05
     6f8:	3e 83       	std	Y+6, r19	; 0x06
     6fa:	4f 83       	std	Y+7, r20	; 0x07
     6fc:	58 87       	std	Y+8, r21	; 0x08
     6fe:	89 e0       	ldi	r24, 0x09	; 9
     700:	e8 2e       	mov	r14, r24
     702:	f1 2c       	mov	r15, r1
     704:	ec 0e       	add	r14, r28
     706:	fd 1e       	adc	r15, r29
     708:	ce 01       	movw	r24, r28
     70a:	01 96       	adiw	r24, 0x01	; 1
     70c:	b7 01       	movw	r22, r14
     70e:	0e 94 77 05 	call	0xaee	; 0xaee <__unpack_f>
     712:	8e 01       	movw	r16, r28
     714:	0f 5e       	subi	r16, 0xEF	; 239
     716:	1f 4f       	sbci	r17, 0xFF	; 255
     718:	ce 01       	movw	r24, r28
     71a:	05 96       	adiw	r24, 0x05	; 5
     71c:	b8 01       	movw	r22, r16
     71e:	0e 94 77 05 	call	0xaee	; 0xaee <__unpack_f>
     722:	89 85       	ldd	r24, Y+9	; 0x09
     724:	82 30       	cpi	r24, 0x02	; 2
     726:	40 f0       	brcs	.+16     	; 0x738 <__ltsf2+0x56>
     728:	89 89       	ldd	r24, Y+17	; 0x11
     72a:	82 30       	cpi	r24, 0x02	; 2
     72c:	28 f0       	brcs	.+10     	; 0x738 <__ltsf2+0x56>
     72e:	c7 01       	movw	r24, r14
     730:	b8 01       	movw	r22, r16
     732:	0e 94 ef 05 	call	0xbde	; 0xbde <__fpcmp_parts_f>
     736:	01 c0       	rjmp	.+2      	; 0x73a <__ltsf2+0x58>
     738:	81 e0       	ldi	r24, 0x01	; 1
     73a:	68 96       	adiw	r28, 0x18	; 24
     73c:	e6 e0       	ldi	r30, 0x06	; 6
     73e:	0c 94 13 13 	jmp	0x2626	; 0x2626 <__epilogue_restores__+0x18>

00000742 <__floatsisf>:
     742:	a8 e0       	ldi	r26, 0x08	; 8
     744:	b0 e0       	ldi	r27, 0x00	; 0
     746:	e7 ea       	ldi	r30, 0xA7	; 167
     748:	f3 e0       	ldi	r31, 0x03	; 3
     74a:	0c 94 f4 12 	jmp	0x25e8	; 0x25e8 <__prologue_saves__+0x12>
     74e:	9b 01       	movw	r18, r22
     750:	ac 01       	movw	r20, r24
     752:	83 e0       	ldi	r24, 0x03	; 3
     754:	89 83       	std	Y+1, r24	; 0x01
     756:	da 01       	movw	r26, r20
     758:	c9 01       	movw	r24, r18
     75a:	88 27       	eor	r24, r24
     75c:	b7 fd       	sbrc	r27, 7
     75e:	83 95       	inc	r24
     760:	99 27       	eor	r25, r25
     762:	aa 27       	eor	r26, r26
     764:	bb 27       	eor	r27, r27
     766:	b8 2e       	mov	r11, r24
     768:	21 15       	cp	r18, r1
     76a:	31 05       	cpc	r19, r1
     76c:	41 05       	cpc	r20, r1
     76e:	51 05       	cpc	r21, r1
     770:	19 f4       	brne	.+6      	; 0x778 <__floatsisf+0x36>
     772:	82 e0       	ldi	r24, 0x02	; 2
     774:	89 83       	std	Y+1, r24	; 0x01
     776:	3a c0       	rjmp	.+116    	; 0x7ec <__floatsisf+0xaa>
     778:	88 23       	and	r24, r24
     77a:	a9 f0       	breq	.+42     	; 0x7a6 <__floatsisf+0x64>
     77c:	20 30       	cpi	r18, 0x00	; 0
     77e:	80 e0       	ldi	r24, 0x00	; 0
     780:	38 07       	cpc	r19, r24
     782:	80 e0       	ldi	r24, 0x00	; 0
     784:	48 07       	cpc	r20, r24
     786:	80 e8       	ldi	r24, 0x80	; 128
     788:	58 07       	cpc	r21, r24
     78a:	29 f4       	brne	.+10     	; 0x796 <__floatsisf+0x54>
     78c:	60 e0       	ldi	r22, 0x00	; 0
     78e:	70 e0       	ldi	r23, 0x00	; 0
     790:	80 e0       	ldi	r24, 0x00	; 0
     792:	9f ec       	ldi	r25, 0xCF	; 207
     794:	30 c0       	rjmp	.+96     	; 0x7f6 <__floatsisf+0xb4>
     796:	ee 24       	eor	r14, r14
     798:	ff 24       	eor	r15, r15
     79a:	87 01       	movw	r16, r14
     79c:	e2 1a       	sub	r14, r18
     79e:	f3 0a       	sbc	r15, r19
     7a0:	04 0b       	sbc	r16, r20
     7a2:	15 0b       	sbc	r17, r21
     7a4:	02 c0       	rjmp	.+4      	; 0x7aa <__floatsisf+0x68>
     7a6:	79 01       	movw	r14, r18
     7a8:	8a 01       	movw	r16, r20
     7aa:	8e e1       	ldi	r24, 0x1E	; 30
     7ac:	c8 2e       	mov	r12, r24
     7ae:	d1 2c       	mov	r13, r1
     7b0:	dc 82       	std	Y+4, r13	; 0x04
     7b2:	cb 82       	std	Y+3, r12	; 0x03
     7b4:	ed 82       	std	Y+5, r14	; 0x05
     7b6:	fe 82       	std	Y+6, r15	; 0x06
     7b8:	0f 83       	std	Y+7, r16	; 0x07
     7ba:	18 87       	std	Y+8, r17	; 0x08
     7bc:	c8 01       	movw	r24, r16
     7be:	b7 01       	movw	r22, r14
     7c0:	0e 94 53 04 	call	0x8a6	; 0x8a6 <__clzsi2>
     7c4:	01 97       	sbiw	r24, 0x01	; 1
     7c6:	18 16       	cp	r1, r24
     7c8:	19 06       	cpc	r1, r25
     7ca:	84 f4       	brge	.+32     	; 0x7ec <__floatsisf+0xaa>
     7cc:	08 2e       	mov	r0, r24
     7ce:	04 c0       	rjmp	.+8      	; 0x7d8 <__floatsisf+0x96>
     7d0:	ee 0c       	add	r14, r14
     7d2:	ff 1c       	adc	r15, r15
     7d4:	00 1f       	adc	r16, r16
     7d6:	11 1f       	adc	r17, r17
     7d8:	0a 94       	dec	r0
     7da:	d2 f7       	brpl	.-12     	; 0x7d0 <__floatsisf+0x8e>
     7dc:	ed 82       	std	Y+5, r14	; 0x05
     7de:	fe 82       	std	Y+6, r15	; 0x06
     7e0:	0f 83       	std	Y+7, r16	; 0x07
     7e2:	18 87       	std	Y+8, r17	; 0x08
     7e4:	c8 1a       	sub	r12, r24
     7e6:	d9 0a       	sbc	r13, r25
     7e8:	dc 82       	std	Y+4, r13	; 0x04
     7ea:	cb 82       	std	Y+3, r12	; 0x03
     7ec:	ba 82       	std	Y+2, r11	; 0x02
     7ee:	ce 01       	movw	r24, r28
     7f0:	01 96       	adiw	r24, 0x01	; 1
     7f2:	0e 94 a2 04 	call	0x944	; 0x944 <__pack_f>
     7f6:	28 96       	adiw	r28, 0x08	; 8
     7f8:	e9 e0       	ldi	r30, 0x09	; 9
     7fa:	0c 94 10 13 	jmp	0x2620	; 0x2620 <__epilogue_restores__+0x12>

000007fe <__fixsfsi>:
     7fe:	ac e0       	ldi	r26, 0x0C	; 12
     800:	b0 e0       	ldi	r27, 0x00	; 0
     802:	e5 e0       	ldi	r30, 0x05	; 5
     804:	f4 e0       	ldi	r31, 0x04	; 4
     806:	0c 94 fb 12 	jmp	0x25f6	; 0x25f6 <__prologue_saves__+0x20>
     80a:	69 83       	std	Y+1, r22	; 0x01
     80c:	7a 83       	std	Y+2, r23	; 0x02
     80e:	8b 83       	std	Y+3, r24	; 0x03
     810:	9c 83       	std	Y+4, r25	; 0x04
     812:	ce 01       	movw	r24, r28
     814:	01 96       	adiw	r24, 0x01	; 1
     816:	be 01       	movw	r22, r28
     818:	6b 5f       	subi	r22, 0xFB	; 251
     81a:	7f 4f       	sbci	r23, 0xFF	; 255
     81c:	0e 94 77 05 	call	0xaee	; 0xaee <__unpack_f>
     820:	8d 81       	ldd	r24, Y+5	; 0x05
     822:	82 30       	cpi	r24, 0x02	; 2
     824:	61 f1       	breq	.+88     	; 0x87e <__stack+0x1f>
     826:	82 30       	cpi	r24, 0x02	; 2
     828:	50 f1       	brcs	.+84     	; 0x87e <__stack+0x1f>
     82a:	84 30       	cpi	r24, 0x04	; 4
     82c:	21 f4       	brne	.+8      	; 0x836 <__fixsfsi+0x38>
     82e:	8e 81       	ldd	r24, Y+6	; 0x06
     830:	88 23       	and	r24, r24
     832:	51 f1       	breq	.+84     	; 0x888 <__stack+0x29>
     834:	2e c0       	rjmp	.+92     	; 0x892 <__stack+0x33>
     836:	2f 81       	ldd	r18, Y+7	; 0x07
     838:	38 85       	ldd	r19, Y+8	; 0x08
     83a:	37 fd       	sbrc	r19, 7
     83c:	20 c0       	rjmp	.+64     	; 0x87e <__stack+0x1f>
     83e:	6e 81       	ldd	r22, Y+6	; 0x06
     840:	2f 31       	cpi	r18, 0x1F	; 31
     842:	31 05       	cpc	r19, r1
     844:	1c f0       	brlt	.+6      	; 0x84c <__fixsfsi+0x4e>
     846:	66 23       	and	r22, r22
     848:	f9 f0       	breq	.+62     	; 0x888 <__stack+0x29>
     84a:	23 c0       	rjmp	.+70     	; 0x892 <__stack+0x33>
     84c:	8e e1       	ldi	r24, 0x1E	; 30
     84e:	90 e0       	ldi	r25, 0x00	; 0
     850:	82 1b       	sub	r24, r18
     852:	93 0b       	sbc	r25, r19
     854:	29 85       	ldd	r18, Y+9	; 0x09
     856:	3a 85       	ldd	r19, Y+10	; 0x0a
     858:	4b 85       	ldd	r20, Y+11	; 0x0b
     85a:	5c 85       	ldd	r21, Y+12	; 0x0c
     85c:	04 c0       	rjmp	.+8      	; 0x866 <__stack+0x7>
     85e:	56 95       	lsr	r21
     860:	47 95       	ror	r20
     862:	37 95       	ror	r19
     864:	27 95       	ror	r18
     866:	8a 95       	dec	r24
     868:	d2 f7       	brpl	.-12     	; 0x85e <__fixsfsi+0x60>
     86a:	66 23       	and	r22, r22
     86c:	b1 f0       	breq	.+44     	; 0x89a <__stack+0x3b>
     86e:	50 95       	com	r21
     870:	40 95       	com	r20
     872:	30 95       	com	r19
     874:	21 95       	neg	r18
     876:	3f 4f       	sbci	r19, 0xFF	; 255
     878:	4f 4f       	sbci	r20, 0xFF	; 255
     87a:	5f 4f       	sbci	r21, 0xFF	; 255
     87c:	0e c0       	rjmp	.+28     	; 0x89a <__stack+0x3b>
     87e:	20 e0       	ldi	r18, 0x00	; 0
     880:	30 e0       	ldi	r19, 0x00	; 0
     882:	40 e0       	ldi	r20, 0x00	; 0
     884:	50 e0       	ldi	r21, 0x00	; 0
     886:	09 c0       	rjmp	.+18     	; 0x89a <__stack+0x3b>
     888:	2f ef       	ldi	r18, 0xFF	; 255
     88a:	3f ef       	ldi	r19, 0xFF	; 255
     88c:	4f ef       	ldi	r20, 0xFF	; 255
     88e:	5f e7       	ldi	r21, 0x7F	; 127
     890:	04 c0       	rjmp	.+8      	; 0x89a <__stack+0x3b>
     892:	20 e0       	ldi	r18, 0x00	; 0
     894:	30 e0       	ldi	r19, 0x00	; 0
     896:	40 e0       	ldi	r20, 0x00	; 0
     898:	50 e8       	ldi	r21, 0x80	; 128
     89a:	b9 01       	movw	r22, r18
     89c:	ca 01       	movw	r24, r20
     89e:	2c 96       	adiw	r28, 0x0c	; 12
     8a0:	e2 e0       	ldi	r30, 0x02	; 2
     8a2:	0c 94 17 13 	jmp	0x262e	; 0x262e <__epilogue_restores__+0x20>

000008a6 <__clzsi2>:
     8a6:	ef 92       	push	r14
     8a8:	ff 92       	push	r15
     8aa:	0f 93       	push	r16
     8ac:	1f 93       	push	r17
     8ae:	7b 01       	movw	r14, r22
     8b0:	8c 01       	movw	r16, r24
     8b2:	80 e0       	ldi	r24, 0x00	; 0
     8b4:	e8 16       	cp	r14, r24
     8b6:	80 e0       	ldi	r24, 0x00	; 0
     8b8:	f8 06       	cpc	r15, r24
     8ba:	81 e0       	ldi	r24, 0x01	; 1
     8bc:	08 07       	cpc	r16, r24
     8be:	80 e0       	ldi	r24, 0x00	; 0
     8c0:	18 07       	cpc	r17, r24
     8c2:	88 f4       	brcc	.+34     	; 0x8e6 <__clzsi2+0x40>
     8c4:	8f ef       	ldi	r24, 0xFF	; 255
     8c6:	e8 16       	cp	r14, r24
     8c8:	f1 04       	cpc	r15, r1
     8ca:	01 05       	cpc	r16, r1
     8cc:	11 05       	cpc	r17, r1
     8ce:	31 f0       	breq	.+12     	; 0x8dc <__clzsi2+0x36>
     8d0:	28 f0       	brcs	.+10     	; 0x8dc <__clzsi2+0x36>
     8d2:	88 e0       	ldi	r24, 0x08	; 8
     8d4:	90 e0       	ldi	r25, 0x00	; 0
     8d6:	a0 e0       	ldi	r26, 0x00	; 0
     8d8:	b0 e0       	ldi	r27, 0x00	; 0
     8da:	17 c0       	rjmp	.+46     	; 0x90a <__clzsi2+0x64>
     8dc:	80 e0       	ldi	r24, 0x00	; 0
     8de:	90 e0       	ldi	r25, 0x00	; 0
     8e0:	a0 e0       	ldi	r26, 0x00	; 0
     8e2:	b0 e0       	ldi	r27, 0x00	; 0
     8e4:	12 c0       	rjmp	.+36     	; 0x90a <__clzsi2+0x64>
     8e6:	80 e0       	ldi	r24, 0x00	; 0
     8e8:	e8 16       	cp	r14, r24
     8ea:	80 e0       	ldi	r24, 0x00	; 0
     8ec:	f8 06       	cpc	r15, r24
     8ee:	80 e0       	ldi	r24, 0x00	; 0
     8f0:	08 07       	cpc	r16, r24
     8f2:	81 e0       	ldi	r24, 0x01	; 1
     8f4:	18 07       	cpc	r17, r24
     8f6:	28 f0       	brcs	.+10     	; 0x902 <__clzsi2+0x5c>
     8f8:	88 e1       	ldi	r24, 0x18	; 24
     8fa:	90 e0       	ldi	r25, 0x00	; 0
     8fc:	a0 e0       	ldi	r26, 0x00	; 0
     8fe:	b0 e0       	ldi	r27, 0x00	; 0
     900:	04 c0       	rjmp	.+8      	; 0x90a <__clzsi2+0x64>
     902:	80 e1       	ldi	r24, 0x10	; 16
     904:	90 e0       	ldi	r25, 0x00	; 0
     906:	a0 e0       	ldi	r26, 0x00	; 0
     908:	b0 e0       	ldi	r27, 0x00	; 0
     90a:	20 e2       	ldi	r18, 0x20	; 32
     90c:	30 e0       	ldi	r19, 0x00	; 0
     90e:	40 e0       	ldi	r20, 0x00	; 0
     910:	50 e0       	ldi	r21, 0x00	; 0
     912:	28 1b       	sub	r18, r24
     914:	39 0b       	sbc	r19, r25
     916:	4a 0b       	sbc	r20, r26
     918:	5b 0b       	sbc	r21, r27
     91a:	04 c0       	rjmp	.+8      	; 0x924 <__clzsi2+0x7e>
     91c:	16 95       	lsr	r17
     91e:	07 95       	ror	r16
     920:	f7 94       	ror	r15
     922:	e7 94       	ror	r14
     924:	8a 95       	dec	r24
     926:	d2 f7       	brpl	.-12     	; 0x91c <__clzsi2+0x76>
     928:	f7 01       	movw	r30, r14
     92a:	e5 55       	subi	r30, 0x55	; 85
     92c:	ff 4f       	sbci	r31, 0xFF	; 255
     92e:	80 81       	ld	r24, Z
     930:	28 1b       	sub	r18, r24
     932:	31 09       	sbc	r19, r1
     934:	41 09       	sbc	r20, r1
     936:	51 09       	sbc	r21, r1
     938:	c9 01       	movw	r24, r18
     93a:	1f 91       	pop	r17
     93c:	0f 91       	pop	r16
     93e:	ff 90       	pop	r15
     940:	ef 90       	pop	r14
     942:	08 95       	ret

00000944 <__pack_f>:
     944:	df 92       	push	r13
     946:	ef 92       	push	r14
     948:	ff 92       	push	r15
     94a:	0f 93       	push	r16
     94c:	1f 93       	push	r17
     94e:	fc 01       	movw	r30, r24
     950:	e4 80       	ldd	r14, Z+4	; 0x04
     952:	f5 80       	ldd	r15, Z+5	; 0x05
     954:	06 81       	ldd	r16, Z+6	; 0x06
     956:	17 81       	ldd	r17, Z+7	; 0x07
     958:	d1 80       	ldd	r13, Z+1	; 0x01
     95a:	80 81       	ld	r24, Z
     95c:	82 30       	cpi	r24, 0x02	; 2
     95e:	48 f4       	brcc	.+18     	; 0x972 <__pack_f+0x2e>
     960:	80 e0       	ldi	r24, 0x00	; 0
     962:	90 e0       	ldi	r25, 0x00	; 0
     964:	a0 e1       	ldi	r26, 0x10	; 16
     966:	b0 e0       	ldi	r27, 0x00	; 0
     968:	e8 2a       	or	r14, r24
     96a:	f9 2a       	or	r15, r25
     96c:	0a 2b       	or	r16, r26
     96e:	1b 2b       	or	r17, r27
     970:	a5 c0       	rjmp	.+330    	; 0xabc <__pack_f+0x178>
     972:	84 30       	cpi	r24, 0x04	; 4
     974:	09 f4       	brne	.+2      	; 0x978 <__pack_f+0x34>
     976:	9f c0       	rjmp	.+318    	; 0xab6 <__pack_f+0x172>
     978:	82 30       	cpi	r24, 0x02	; 2
     97a:	21 f4       	brne	.+8      	; 0x984 <__pack_f+0x40>
     97c:	ee 24       	eor	r14, r14
     97e:	ff 24       	eor	r15, r15
     980:	87 01       	movw	r16, r14
     982:	05 c0       	rjmp	.+10     	; 0x98e <__pack_f+0x4a>
     984:	e1 14       	cp	r14, r1
     986:	f1 04       	cpc	r15, r1
     988:	01 05       	cpc	r16, r1
     98a:	11 05       	cpc	r17, r1
     98c:	19 f4       	brne	.+6      	; 0x994 <__pack_f+0x50>
     98e:	e0 e0       	ldi	r30, 0x00	; 0
     990:	f0 e0       	ldi	r31, 0x00	; 0
     992:	96 c0       	rjmp	.+300    	; 0xac0 <__pack_f+0x17c>
     994:	62 81       	ldd	r22, Z+2	; 0x02
     996:	73 81       	ldd	r23, Z+3	; 0x03
     998:	9f ef       	ldi	r25, 0xFF	; 255
     99a:	62 38       	cpi	r22, 0x82	; 130
     99c:	79 07       	cpc	r23, r25
     99e:	0c f0       	brlt	.+2      	; 0x9a2 <__pack_f+0x5e>
     9a0:	5b c0       	rjmp	.+182    	; 0xa58 <__pack_f+0x114>
     9a2:	22 e8       	ldi	r18, 0x82	; 130
     9a4:	3f ef       	ldi	r19, 0xFF	; 255
     9a6:	26 1b       	sub	r18, r22
     9a8:	37 0b       	sbc	r19, r23
     9aa:	2a 31       	cpi	r18, 0x1A	; 26
     9ac:	31 05       	cpc	r19, r1
     9ae:	2c f0       	brlt	.+10     	; 0x9ba <__pack_f+0x76>
     9b0:	20 e0       	ldi	r18, 0x00	; 0
     9b2:	30 e0       	ldi	r19, 0x00	; 0
     9b4:	40 e0       	ldi	r20, 0x00	; 0
     9b6:	50 e0       	ldi	r21, 0x00	; 0
     9b8:	2a c0       	rjmp	.+84     	; 0xa0e <__pack_f+0xca>
     9ba:	b8 01       	movw	r22, r16
     9bc:	a7 01       	movw	r20, r14
     9be:	02 2e       	mov	r0, r18
     9c0:	04 c0       	rjmp	.+8      	; 0x9ca <__pack_f+0x86>
     9c2:	76 95       	lsr	r23
     9c4:	67 95       	ror	r22
     9c6:	57 95       	ror	r21
     9c8:	47 95       	ror	r20
     9ca:	0a 94       	dec	r0
     9cc:	d2 f7       	brpl	.-12     	; 0x9c2 <__pack_f+0x7e>
     9ce:	81 e0       	ldi	r24, 0x01	; 1
     9d0:	90 e0       	ldi	r25, 0x00	; 0
     9d2:	a0 e0       	ldi	r26, 0x00	; 0
     9d4:	b0 e0       	ldi	r27, 0x00	; 0
     9d6:	04 c0       	rjmp	.+8      	; 0x9e0 <__pack_f+0x9c>
     9d8:	88 0f       	add	r24, r24
     9da:	99 1f       	adc	r25, r25
     9dc:	aa 1f       	adc	r26, r26
     9de:	bb 1f       	adc	r27, r27
     9e0:	2a 95       	dec	r18
     9e2:	d2 f7       	brpl	.-12     	; 0x9d8 <__pack_f+0x94>
     9e4:	01 97       	sbiw	r24, 0x01	; 1
     9e6:	a1 09       	sbc	r26, r1
     9e8:	b1 09       	sbc	r27, r1
     9ea:	8e 21       	and	r24, r14
     9ec:	9f 21       	and	r25, r15
     9ee:	a0 23       	and	r26, r16
     9f0:	b1 23       	and	r27, r17
     9f2:	00 97       	sbiw	r24, 0x00	; 0
     9f4:	a1 05       	cpc	r26, r1
     9f6:	b1 05       	cpc	r27, r1
     9f8:	21 f0       	breq	.+8      	; 0xa02 <__pack_f+0xbe>
     9fa:	81 e0       	ldi	r24, 0x01	; 1
     9fc:	90 e0       	ldi	r25, 0x00	; 0
     9fe:	a0 e0       	ldi	r26, 0x00	; 0
     a00:	b0 e0       	ldi	r27, 0x00	; 0
     a02:	9a 01       	movw	r18, r20
     a04:	ab 01       	movw	r20, r22
     a06:	28 2b       	or	r18, r24
     a08:	39 2b       	or	r19, r25
     a0a:	4a 2b       	or	r20, r26
     a0c:	5b 2b       	or	r21, r27
     a0e:	da 01       	movw	r26, r20
     a10:	c9 01       	movw	r24, r18
     a12:	8f 77       	andi	r24, 0x7F	; 127
     a14:	90 70       	andi	r25, 0x00	; 0
     a16:	a0 70       	andi	r26, 0x00	; 0
     a18:	b0 70       	andi	r27, 0x00	; 0
     a1a:	80 34       	cpi	r24, 0x40	; 64
     a1c:	91 05       	cpc	r25, r1
     a1e:	a1 05       	cpc	r26, r1
     a20:	b1 05       	cpc	r27, r1
     a22:	39 f4       	brne	.+14     	; 0xa32 <__pack_f+0xee>
     a24:	27 ff       	sbrs	r18, 7
     a26:	09 c0       	rjmp	.+18     	; 0xa3a <__pack_f+0xf6>
     a28:	20 5c       	subi	r18, 0xC0	; 192
     a2a:	3f 4f       	sbci	r19, 0xFF	; 255
     a2c:	4f 4f       	sbci	r20, 0xFF	; 255
     a2e:	5f 4f       	sbci	r21, 0xFF	; 255
     a30:	04 c0       	rjmp	.+8      	; 0xa3a <__pack_f+0xf6>
     a32:	21 5c       	subi	r18, 0xC1	; 193
     a34:	3f 4f       	sbci	r19, 0xFF	; 255
     a36:	4f 4f       	sbci	r20, 0xFF	; 255
     a38:	5f 4f       	sbci	r21, 0xFF	; 255
     a3a:	e0 e0       	ldi	r30, 0x00	; 0
     a3c:	f0 e0       	ldi	r31, 0x00	; 0
     a3e:	20 30       	cpi	r18, 0x00	; 0
     a40:	a0 e0       	ldi	r26, 0x00	; 0
     a42:	3a 07       	cpc	r19, r26
     a44:	a0 e0       	ldi	r26, 0x00	; 0
     a46:	4a 07       	cpc	r20, r26
     a48:	a0 e4       	ldi	r26, 0x40	; 64
     a4a:	5a 07       	cpc	r21, r26
     a4c:	10 f0       	brcs	.+4      	; 0xa52 <__pack_f+0x10e>
     a4e:	e1 e0       	ldi	r30, 0x01	; 1
     a50:	f0 e0       	ldi	r31, 0x00	; 0
     a52:	79 01       	movw	r14, r18
     a54:	8a 01       	movw	r16, r20
     a56:	27 c0       	rjmp	.+78     	; 0xaa6 <__pack_f+0x162>
     a58:	60 38       	cpi	r22, 0x80	; 128
     a5a:	71 05       	cpc	r23, r1
     a5c:	64 f5       	brge	.+88     	; 0xab6 <__pack_f+0x172>
     a5e:	fb 01       	movw	r30, r22
     a60:	e1 58       	subi	r30, 0x81	; 129
     a62:	ff 4f       	sbci	r31, 0xFF	; 255
     a64:	d8 01       	movw	r26, r16
     a66:	c7 01       	movw	r24, r14
     a68:	8f 77       	andi	r24, 0x7F	; 127
     a6a:	90 70       	andi	r25, 0x00	; 0
     a6c:	a0 70       	andi	r26, 0x00	; 0
     a6e:	b0 70       	andi	r27, 0x00	; 0
     a70:	80 34       	cpi	r24, 0x40	; 64
     a72:	91 05       	cpc	r25, r1
     a74:	a1 05       	cpc	r26, r1
     a76:	b1 05       	cpc	r27, r1
     a78:	39 f4       	brne	.+14     	; 0xa88 <__pack_f+0x144>
     a7a:	e7 fe       	sbrs	r14, 7
     a7c:	0d c0       	rjmp	.+26     	; 0xa98 <__pack_f+0x154>
     a7e:	80 e4       	ldi	r24, 0x40	; 64
     a80:	90 e0       	ldi	r25, 0x00	; 0
     a82:	a0 e0       	ldi	r26, 0x00	; 0
     a84:	b0 e0       	ldi	r27, 0x00	; 0
     a86:	04 c0       	rjmp	.+8      	; 0xa90 <__pack_f+0x14c>
     a88:	8f e3       	ldi	r24, 0x3F	; 63
     a8a:	90 e0       	ldi	r25, 0x00	; 0
     a8c:	a0 e0       	ldi	r26, 0x00	; 0
     a8e:	b0 e0       	ldi	r27, 0x00	; 0
     a90:	e8 0e       	add	r14, r24
     a92:	f9 1e       	adc	r15, r25
     a94:	0a 1f       	adc	r16, r26
     a96:	1b 1f       	adc	r17, r27
     a98:	17 ff       	sbrs	r17, 7
     a9a:	05 c0       	rjmp	.+10     	; 0xaa6 <__pack_f+0x162>
     a9c:	16 95       	lsr	r17
     a9e:	07 95       	ror	r16
     aa0:	f7 94       	ror	r15
     aa2:	e7 94       	ror	r14
     aa4:	31 96       	adiw	r30, 0x01	; 1
     aa6:	87 e0       	ldi	r24, 0x07	; 7
     aa8:	16 95       	lsr	r17
     aaa:	07 95       	ror	r16
     aac:	f7 94       	ror	r15
     aae:	e7 94       	ror	r14
     ab0:	8a 95       	dec	r24
     ab2:	d1 f7       	brne	.-12     	; 0xaa8 <__pack_f+0x164>
     ab4:	05 c0       	rjmp	.+10     	; 0xac0 <__pack_f+0x17c>
     ab6:	ee 24       	eor	r14, r14
     ab8:	ff 24       	eor	r15, r15
     aba:	87 01       	movw	r16, r14
     abc:	ef ef       	ldi	r30, 0xFF	; 255
     abe:	f0 e0       	ldi	r31, 0x00	; 0
     ac0:	6e 2f       	mov	r22, r30
     ac2:	67 95       	ror	r22
     ac4:	66 27       	eor	r22, r22
     ac6:	67 95       	ror	r22
     ac8:	90 2f       	mov	r25, r16
     aca:	9f 77       	andi	r25, 0x7F	; 127
     acc:	d7 94       	ror	r13
     ace:	dd 24       	eor	r13, r13
     ad0:	d7 94       	ror	r13
     ad2:	8e 2f       	mov	r24, r30
     ad4:	86 95       	lsr	r24
     ad6:	49 2f       	mov	r20, r25
     ad8:	46 2b       	or	r20, r22
     ada:	58 2f       	mov	r21, r24
     adc:	5d 29       	or	r21, r13
     ade:	b7 01       	movw	r22, r14
     ae0:	ca 01       	movw	r24, r20
     ae2:	1f 91       	pop	r17
     ae4:	0f 91       	pop	r16
     ae6:	ff 90       	pop	r15
     ae8:	ef 90       	pop	r14
     aea:	df 90       	pop	r13
     aec:	08 95       	ret

00000aee <__unpack_f>:
     aee:	fc 01       	movw	r30, r24
     af0:	db 01       	movw	r26, r22
     af2:	40 81       	ld	r20, Z
     af4:	51 81       	ldd	r21, Z+1	; 0x01
     af6:	22 81       	ldd	r18, Z+2	; 0x02
     af8:	62 2f       	mov	r22, r18
     afa:	6f 77       	andi	r22, 0x7F	; 127
     afc:	70 e0       	ldi	r23, 0x00	; 0
     afe:	22 1f       	adc	r18, r18
     b00:	22 27       	eor	r18, r18
     b02:	22 1f       	adc	r18, r18
     b04:	93 81       	ldd	r25, Z+3	; 0x03
     b06:	89 2f       	mov	r24, r25
     b08:	88 0f       	add	r24, r24
     b0a:	82 2b       	or	r24, r18
     b0c:	28 2f       	mov	r18, r24
     b0e:	30 e0       	ldi	r19, 0x00	; 0
     b10:	99 1f       	adc	r25, r25
     b12:	99 27       	eor	r25, r25
     b14:	99 1f       	adc	r25, r25
     b16:	11 96       	adiw	r26, 0x01	; 1
     b18:	9c 93       	st	X, r25
     b1a:	11 97       	sbiw	r26, 0x01	; 1
     b1c:	21 15       	cp	r18, r1
     b1e:	31 05       	cpc	r19, r1
     b20:	a9 f5       	brne	.+106    	; 0xb8c <__unpack_f+0x9e>
     b22:	41 15       	cp	r20, r1
     b24:	51 05       	cpc	r21, r1
     b26:	61 05       	cpc	r22, r1
     b28:	71 05       	cpc	r23, r1
     b2a:	11 f4       	brne	.+4      	; 0xb30 <__unpack_f+0x42>
     b2c:	82 e0       	ldi	r24, 0x02	; 2
     b2e:	37 c0       	rjmp	.+110    	; 0xb9e <__unpack_f+0xb0>
     b30:	82 e8       	ldi	r24, 0x82	; 130
     b32:	9f ef       	ldi	r25, 0xFF	; 255
     b34:	13 96       	adiw	r26, 0x03	; 3
     b36:	9c 93       	st	X, r25
     b38:	8e 93       	st	-X, r24
     b3a:	12 97       	sbiw	r26, 0x02	; 2
     b3c:	9a 01       	movw	r18, r20
     b3e:	ab 01       	movw	r20, r22
     b40:	67 e0       	ldi	r22, 0x07	; 7
     b42:	22 0f       	add	r18, r18
     b44:	33 1f       	adc	r19, r19
     b46:	44 1f       	adc	r20, r20
     b48:	55 1f       	adc	r21, r21
     b4a:	6a 95       	dec	r22
     b4c:	d1 f7       	brne	.-12     	; 0xb42 <__unpack_f+0x54>
     b4e:	83 e0       	ldi	r24, 0x03	; 3
     b50:	8c 93       	st	X, r24
     b52:	0d c0       	rjmp	.+26     	; 0xb6e <__unpack_f+0x80>
     b54:	22 0f       	add	r18, r18
     b56:	33 1f       	adc	r19, r19
     b58:	44 1f       	adc	r20, r20
     b5a:	55 1f       	adc	r21, r21
     b5c:	12 96       	adiw	r26, 0x02	; 2
     b5e:	8d 91       	ld	r24, X+
     b60:	9c 91       	ld	r25, X
     b62:	13 97       	sbiw	r26, 0x03	; 3
     b64:	01 97       	sbiw	r24, 0x01	; 1
     b66:	13 96       	adiw	r26, 0x03	; 3
     b68:	9c 93       	st	X, r25
     b6a:	8e 93       	st	-X, r24
     b6c:	12 97       	sbiw	r26, 0x02	; 2
     b6e:	20 30       	cpi	r18, 0x00	; 0
     b70:	80 e0       	ldi	r24, 0x00	; 0
     b72:	38 07       	cpc	r19, r24
     b74:	80 e0       	ldi	r24, 0x00	; 0
     b76:	48 07       	cpc	r20, r24
     b78:	80 e4       	ldi	r24, 0x40	; 64
     b7a:	58 07       	cpc	r21, r24
     b7c:	58 f3       	brcs	.-42     	; 0xb54 <__unpack_f+0x66>
     b7e:	14 96       	adiw	r26, 0x04	; 4
     b80:	2d 93       	st	X+, r18
     b82:	3d 93       	st	X+, r19
     b84:	4d 93       	st	X+, r20
     b86:	5c 93       	st	X, r21
     b88:	17 97       	sbiw	r26, 0x07	; 7
     b8a:	08 95       	ret
     b8c:	2f 3f       	cpi	r18, 0xFF	; 255
     b8e:	31 05       	cpc	r19, r1
     b90:	79 f4       	brne	.+30     	; 0xbb0 <__unpack_f+0xc2>
     b92:	41 15       	cp	r20, r1
     b94:	51 05       	cpc	r21, r1
     b96:	61 05       	cpc	r22, r1
     b98:	71 05       	cpc	r23, r1
     b9a:	19 f4       	brne	.+6      	; 0xba2 <__unpack_f+0xb4>
     b9c:	84 e0       	ldi	r24, 0x04	; 4
     b9e:	8c 93       	st	X, r24
     ba0:	08 95       	ret
     ba2:	64 ff       	sbrs	r22, 4
     ba4:	03 c0       	rjmp	.+6      	; 0xbac <__unpack_f+0xbe>
     ba6:	81 e0       	ldi	r24, 0x01	; 1
     ba8:	8c 93       	st	X, r24
     baa:	12 c0       	rjmp	.+36     	; 0xbd0 <__unpack_f+0xe2>
     bac:	1c 92       	st	X, r1
     bae:	10 c0       	rjmp	.+32     	; 0xbd0 <__unpack_f+0xe2>
     bb0:	2f 57       	subi	r18, 0x7F	; 127
     bb2:	30 40       	sbci	r19, 0x00	; 0
     bb4:	13 96       	adiw	r26, 0x03	; 3
     bb6:	3c 93       	st	X, r19
     bb8:	2e 93       	st	-X, r18
     bba:	12 97       	sbiw	r26, 0x02	; 2
     bbc:	83 e0       	ldi	r24, 0x03	; 3
     bbe:	8c 93       	st	X, r24
     bc0:	87 e0       	ldi	r24, 0x07	; 7
     bc2:	44 0f       	add	r20, r20
     bc4:	55 1f       	adc	r21, r21
     bc6:	66 1f       	adc	r22, r22
     bc8:	77 1f       	adc	r23, r23
     bca:	8a 95       	dec	r24
     bcc:	d1 f7       	brne	.-12     	; 0xbc2 <__unpack_f+0xd4>
     bce:	70 64       	ori	r23, 0x40	; 64
     bd0:	14 96       	adiw	r26, 0x04	; 4
     bd2:	4d 93       	st	X+, r20
     bd4:	5d 93       	st	X+, r21
     bd6:	6d 93       	st	X+, r22
     bd8:	7c 93       	st	X, r23
     bda:	17 97       	sbiw	r26, 0x07	; 7
     bdc:	08 95       	ret

00000bde <__fpcmp_parts_f>:
     bde:	1f 93       	push	r17
     be0:	dc 01       	movw	r26, r24
     be2:	fb 01       	movw	r30, r22
     be4:	9c 91       	ld	r25, X
     be6:	92 30       	cpi	r25, 0x02	; 2
     be8:	08 f4       	brcc	.+2      	; 0xbec <__fpcmp_parts_f+0xe>
     bea:	47 c0       	rjmp	.+142    	; 0xc7a <__fpcmp_parts_f+0x9c>
     bec:	80 81       	ld	r24, Z
     bee:	82 30       	cpi	r24, 0x02	; 2
     bf0:	08 f4       	brcc	.+2      	; 0xbf4 <__fpcmp_parts_f+0x16>
     bf2:	43 c0       	rjmp	.+134    	; 0xc7a <__fpcmp_parts_f+0x9c>
     bf4:	94 30       	cpi	r25, 0x04	; 4
     bf6:	51 f4       	brne	.+20     	; 0xc0c <__fpcmp_parts_f+0x2e>
     bf8:	11 96       	adiw	r26, 0x01	; 1
     bfa:	1c 91       	ld	r17, X
     bfc:	84 30       	cpi	r24, 0x04	; 4
     bfe:	99 f5       	brne	.+102    	; 0xc66 <__fpcmp_parts_f+0x88>
     c00:	81 81       	ldd	r24, Z+1	; 0x01
     c02:	68 2f       	mov	r22, r24
     c04:	70 e0       	ldi	r23, 0x00	; 0
     c06:	61 1b       	sub	r22, r17
     c08:	71 09       	sbc	r23, r1
     c0a:	3f c0       	rjmp	.+126    	; 0xc8a <__fpcmp_parts_f+0xac>
     c0c:	84 30       	cpi	r24, 0x04	; 4
     c0e:	21 f0       	breq	.+8      	; 0xc18 <__fpcmp_parts_f+0x3a>
     c10:	92 30       	cpi	r25, 0x02	; 2
     c12:	31 f4       	brne	.+12     	; 0xc20 <__fpcmp_parts_f+0x42>
     c14:	82 30       	cpi	r24, 0x02	; 2
     c16:	b9 f1       	breq	.+110    	; 0xc86 <__fpcmp_parts_f+0xa8>
     c18:	81 81       	ldd	r24, Z+1	; 0x01
     c1a:	88 23       	and	r24, r24
     c1c:	89 f1       	breq	.+98     	; 0xc80 <__fpcmp_parts_f+0xa2>
     c1e:	2d c0       	rjmp	.+90     	; 0xc7a <__fpcmp_parts_f+0x9c>
     c20:	11 96       	adiw	r26, 0x01	; 1
     c22:	1c 91       	ld	r17, X
     c24:	11 97       	sbiw	r26, 0x01	; 1
     c26:	82 30       	cpi	r24, 0x02	; 2
     c28:	f1 f0       	breq	.+60     	; 0xc66 <__fpcmp_parts_f+0x88>
     c2a:	81 81       	ldd	r24, Z+1	; 0x01
     c2c:	18 17       	cp	r17, r24
     c2e:	d9 f4       	brne	.+54     	; 0xc66 <__fpcmp_parts_f+0x88>
     c30:	12 96       	adiw	r26, 0x02	; 2
     c32:	2d 91       	ld	r18, X+
     c34:	3c 91       	ld	r19, X
     c36:	13 97       	sbiw	r26, 0x03	; 3
     c38:	82 81       	ldd	r24, Z+2	; 0x02
     c3a:	93 81       	ldd	r25, Z+3	; 0x03
     c3c:	82 17       	cp	r24, r18
     c3e:	93 07       	cpc	r25, r19
     c40:	94 f0       	brlt	.+36     	; 0xc66 <__fpcmp_parts_f+0x88>
     c42:	28 17       	cp	r18, r24
     c44:	39 07       	cpc	r19, r25
     c46:	bc f0       	brlt	.+46     	; 0xc76 <__fpcmp_parts_f+0x98>
     c48:	14 96       	adiw	r26, 0x04	; 4
     c4a:	8d 91       	ld	r24, X+
     c4c:	9d 91       	ld	r25, X+
     c4e:	0d 90       	ld	r0, X+
     c50:	bc 91       	ld	r27, X
     c52:	a0 2d       	mov	r26, r0
     c54:	24 81       	ldd	r18, Z+4	; 0x04
     c56:	35 81       	ldd	r19, Z+5	; 0x05
     c58:	46 81       	ldd	r20, Z+6	; 0x06
     c5a:	57 81       	ldd	r21, Z+7	; 0x07
     c5c:	28 17       	cp	r18, r24
     c5e:	39 07       	cpc	r19, r25
     c60:	4a 07       	cpc	r20, r26
     c62:	5b 07       	cpc	r21, r27
     c64:	18 f4       	brcc	.+6      	; 0xc6c <__fpcmp_parts_f+0x8e>
     c66:	11 23       	and	r17, r17
     c68:	41 f0       	breq	.+16     	; 0xc7a <__fpcmp_parts_f+0x9c>
     c6a:	0a c0       	rjmp	.+20     	; 0xc80 <__fpcmp_parts_f+0xa2>
     c6c:	82 17       	cp	r24, r18
     c6e:	93 07       	cpc	r25, r19
     c70:	a4 07       	cpc	r26, r20
     c72:	b5 07       	cpc	r27, r21
     c74:	40 f4       	brcc	.+16     	; 0xc86 <__fpcmp_parts_f+0xa8>
     c76:	11 23       	and	r17, r17
     c78:	19 f0       	breq	.+6      	; 0xc80 <__fpcmp_parts_f+0xa2>
     c7a:	61 e0       	ldi	r22, 0x01	; 1
     c7c:	70 e0       	ldi	r23, 0x00	; 0
     c7e:	05 c0       	rjmp	.+10     	; 0xc8a <__fpcmp_parts_f+0xac>
     c80:	6f ef       	ldi	r22, 0xFF	; 255
     c82:	7f ef       	ldi	r23, 0xFF	; 255
     c84:	02 c0       	rjmp	.+4      	; 0xc8a <__fpcmp_parts_f+0xac>
     c86:	60 e0       	ldi	r22, 0x00	; 0
     c88:	70 e0       	ldi	r23, 0x00	; 0
     c8a:	cb 01       	movw	r24, r22
     c8c:	1f 91       	pop	r17
     c8e:	08 95       	ret

00000c90 <MTIMER0_voidInitFastPWM>:
#include "Timer0_interface.h"
#include "Timer0_private.h"
#include "Timer0_config.h"

void MTIMER0_voidInitFastPWM(void)
{
     c90:	df 93       	push	r29
     c92:	cf 93       	push	r28
     c94:	cd b7       	in	r28, 0x3d	; 61
     c96:	de b7       	in	r29, 0x3e	; 62
	MDIO_voidInitPin(DIO_PORTB, DIO_PIN3, DIO_OUTPUT);
     c98:	81 e0       	ldi	r24, 0x01	; 1
     c9a:	63 e0       	ldi	r22, 0x03	; 3
     c9c:	41 e0       	ldi	r20, 0x01	; 1
     c9e:	0e 94 dd 06 	call	0xdba	; 0xdba <MDIO_voidInitPin>

	SET_BIT(TCCR0, 6);
     ca2:	a3 e5       	ldi	r26, 0x53	; 83
     ca4:	b0 e0       	ldi	r27, 0x00	; 0
     ca6:	e3 e5       	ldi	r30, 0x53	; 83
     ca8:	f0 e0       	ldi	r31, 0x00	; 0
     caa:	80 81       	ld	r24, Z
     cac:	80 64       	ori	r24, 0x40	; 64
     cae:	8c 93       	st	X, r24
	SET_BIT(TCCR0, 3);
     cb0:	a3 e5       	ldi	r26, 0x53	; 83
     cb2:	b0 e0       	ldi	r27, 0x00	; 0
     cb4:	e3 e5       	ldi	r30, 0x53	; 83
     cb6:	f0 e0       	ldi	r31, 0x00	; 0
     cb8:	80 81       	ld	r24, Z
     cba:	88 60       	ori	r24, 0x08	; 8
     cbc:	8c 93       	st	X, r24

	SET_BIT(TCCR0, 5);
     cbe:	a3 e5       	ldi	r26, 0x53	; 83
     cc0:	b0 e0       	ldi	r27, 0x00	; 0
     cc2:	e3 e5       	ldi	r30, 0x53	; 83
     cc4:	f0 e0       	ldi	r31, 0x00	; 0
     cc6:	80 81       	ld	r24, Z
     cc8:	80 62       	ori	r24, 0x20	; 32
     cca:	8c 93       	st	X, r24
	CLR_BIT(TCCR0, 4);
     ccc:	a3 e5       	ldi	r26, 0x53	; 83
     cce:	b0 e0       	ldi	r27, 0x00	; 0
     cd0:	e3 e5       	ldi	r30, 0x53	; 83
     cd2:	f0 e0       	ldi	r31, 0x00	; 0
     cd4:	80 81       	ld	r24, Z
     cd6:	8f 7e       	andi	r24, 0xEF	; 239
     cd8:	8c 93       	st	X, r24

	SET_BIT(TCCR0, 0);
     cda:	a3 e5       	ldi	r26, 0x53	; 83
     cdc:	b0 e0       	ldi	r27, 0x00	; 0
     cde:	e3 e5       	ldi	r30, 0x53	; 83
     ce0:	f0 e0       	ldi	r31, 0x00	; 0
     ce2:	80 81       	ld	r24, Z
     ce4:	81 60       	ori	r24, 0x01	; 1
     ce6:	8c 93       	st	X, r24
	SET_BIT(TCCR0, 1);
     ce8:	a3 e5       	ldi	r26, 0x53	; 83
     cea:	b0 e0       	ldi	r27, 0x00	; 0
     cec:	e3 e5       	ldi	r30, 0x53	; 83
     cee:	f0 e0       	ldi	r31, 0x00	; 0
     cf0:	80 81       	ld	r24, Z
     cf2:	82 60       	ori	r24, 0x02	; 2
     cf4:	8c 93       	st	X, r24
	CLR_BIT(TCCR0, 2);
     cf6:	a3 e5       	ldi	r26, 0x53	; 83
     cf8:	b0 e0       	ldi	r27, 0x00	; 0
     cfa:	e3 e5       	ldi	r30, 0x53	; 83
     cfc:	f0 e0       	ldi	r31, 0x00	; 0
     cfe:	80 81       	ld	r24, Z
     d00:	8b 7f       	andi	r24, 0xFB	; 251
     d02:	8c 93       	st	X, r24
}
     d04:	cf 91       	pop	r28
     d06:	df 91       	pop	r29
     d08:	08 95       	ret

00000d0a <MTIMER0_voidSetDutyCycle>:

void MTIMER0_voidSetDutyCycle(u8 A_u8Duty)
{
     d0a:	df 93       	push	r29
     d0c:	cf 93       	push	r28
     d0e:	0f 92       	push	r0
     d10:	cd b7       	in	r28, 0x3d	; 61
     d12:	de b7       	in	r29, 0x3e	; 62
     d14:	89 83       	std	Y+1, r24	; 0x01
	OCR0 = A_u8Duty;
     d16:	ec e5       	ldi	r30, 0x5C	; 92
     d18:	f0 e0       	ldi	r31, 0x00	; 0
     d1a:	89 81       	ldd	r24, Y+1	; 0x01
     d1c:	80 83       	st	Z, r24
}
     d1e:	0f 90       	pop	r0
     d20:	cf 91       	pop	r28
     d22:	df 91       	pop	r29
     d24:	08 95       	ret

00000d26 <MEEPROM_voidWriteByte>:

#include "EEPROM_interface.h"
#include "EEPROM_private.h"

void MEEPROM_voidWriteByte(u16 A_u16Address, u8 A_u8Data)
{
     d26:	df 93       	push	r29
     d28:	cf 93       	push	r28
     d2a:	00 d0       	rcall	.+0      	; 0xd2c <MEEPROM_voidWriteByte+0x6>
     d2c:	0f 92       	push	r0
     d2e:	cd b7       	in	r28, 0x3d	; 61
     d30:	de b7       	in	r29, 0x3e	; 62
     d32:	9a 83       	std	Y+2, r25	; 0x02
     d34:	89 83       	std	Y+1, r24	; 0x01
     d36:	6b 83       	std	Y+3, r22	; 0x03
    while (EECR & (1 << 1));
     d38:	ec e3       	ldi	r30, 0x3C	; 60
     d3a:	f0 e0       	ldi	r31, 0x00	; 0
     d3c:	80 81       	ld	r24, Z
     d3e:	88 2f       	mov	r24, r24
     d40:	90 e0       	ldi	r25, 0x00	; 0
     d42:	82 70       	andi	r24, 0x02	; 2
     d44:	90 70       	andi	r25, 0x00	; 0
     d46:	00 97       	sbiw	r24, 0x00	; 0
     d48:	b9 f7       	brne	.-18     	; 0xd38 <MEEPROM_voidWriteByte+0x12>

    EEAR = A_u16Address;
     d4a:	ee e3       	ldi	r30, 0x3E	; 62
     d4c:	f0 e0       	ldi	r31, 0x00	; 0
     d4e:	89 81       	ldd	r24, Y+1	; 0x01
     d50:	9a 81       	ldd	r25, Y+2	; 0x02
     d52:	91 83       	std	Z+1, r25	; 0x01
     d54:	80 83       	st	Z, r24
    EEDR = A_u8Data;
     d56:	ed e3       	ldi	r30, 0x3D	; 61
     d58:	f0 e0       	ldi	r31, 0x00	; 0
     d5a:	8b 81       	ldd	r24, Y+3	; 0x03
     d5c:	80 83       	st	Z, r24

    asm volatile (
     d5e:	e2 9a       	sbi	0x1c, 2	; 28
     d60:	e1 9a       	sbi	0x1c, 1	; 28
        "sbi 0x1C, 2 \n\t"
        "sbi 0x1C, 1 \n\t"
        : : : "memory"
    );
}
     d62:	0f 90       	pop	r0
     d64:	0f 90       	pop	r0
     d66:	0f 90       	pop	r0
     d68:	cf 91       	pop	r28
     d6a:	df 91       	pop	r29
     d6c:	08 95       	ret

00000d6e <MEEPROM_u8ReadByte>:

u8 MEEPROM_u8ReadByte(u16 A_u16Address)
{
     d6e:	df 93       	push	r29
     d70:	cf 93       	push	r28
     d72:	00 d0       	rcall	.+0      	; 0xd74 <MEEPROM_u8ReadByte+0x6>
     d74:	cd b7       	in	r28, 0x3d	; 61
     d76:	de b7       	in	r29, 0x3e	; 62
     d78:	9a 83       	std	Y+2, r25	; 0x02
     d7a:	89 83       	std	Y+1, r24	; 0x01
	while (READ_BIT(EECR, 1) == 1);
     d7c:	ec e3       	ldi	r30, 0x3C	; 60
     d7e:	f0 e0       	ldi	r31, 0x00	; 0
     d80:	80 81       	ld	r24, Z
     d82:	86 95       	lsr	r24
     d84:	88 2f       	mov	r24, r24
     d86:	90 e0       	ldi	r25, 0x00	; 0
     d88:	81 70       	andi	r24, 0x01	; 1
     d8a:	90 70       	andi	r25, 0x00	; 0
     d8c:	88 23       	and	r24, r24
     d8e:	b1 f7       	brne	.-20     	; 0xd7c <MEEPROM_u8ReadByte+0xe>

	EEAR = A_u16Address;
     d90:	ee e3       	ldi	r30, 0x3E	; 62
     d92:	f0 e0       	ldi	r31, 0x00	; 0
     d94:	89 81       	ldd	r24, Y+1	; 0x01
     d96:	9a 81       	ldd	r25, Y+2	; 0x02
     d98:	91 83       	std	Z+1, r25	; 0x01
     d9a:	80 83       	st	Z, r24
	SET_BIT(EECR, 0);
     d9c:	ac e3       	ldi	r26, 0x3C	; 60
     d9e:	b0 e0       	ldi	r27, 0x00	; 0
     da0:	ec e3       	ldi	r30, 0x3C	; 60
     da2:	f0 e0       	ldi	r31, 0x00	; 0
     da4:	80 81       	ld	r24, Z
     da6:	81 60       	ori	r24, 0x01	; 1
     da8:	8c 93       	st	X, r24

	return EEDR;
     daa:	ed e3       	ldi	r30, 0x3D	; 61
     dac:	f0 e0       	ldi	r31, 0x00	; 0
     dae:	80 81       	ld	r24, Z
}
     db0:	0f 90       	pop	r0
     db2:	0f 90       	pop	r0
     db4:	cf 91       	pop	r28
     db6:	df 91       	pop	r29
     db8:	08 95       	ret

00000dba <MDIO_voidInitPin>:

#include "DIO_interface.h"
#include "DIO_private.h"

void MDIO_voidInitPin(u8 A_u8PortName, u8 A_u8PinNumber, u8 A_u8Mode)
{
     dba:	df 93       	push	r29
     dbc:	cf 93       	push	r28
     dbe:	00 d0       	rcall	.+0      	; 0xdc0 <MDIO_voidInitPin+0x6>
     dc0:	00 d0       	rcall	.+0      	; 0xdc2 <MDIO_voidInitPin+0x8>
     dc2:	0f 92       	push	r0
     dc4:	cd b7       	in	r28, 0x3d	; 61
     dc6:	de b7       	in	r29, 0x3e	; 62
     dc8:	89 83       	std	Y+1, r24	; 0x01
     dca:	6a 83       	std	Y+2, r22	; 0x02
     dcc:	4b 83       	std	Y+3, r20	; 0x03
	switch (A_u8PortName)
     dce:	89 81       	ldd	r24, Y+1	; 0x01
     dd0:	28 2f       	mov	r18, r24
     dd2:	30 e0       	ldi	r19, 0x00	; 0
     dd4:	3d 83       	std	Y+5, r19	; 0x05
     dd6:	2c 83       	std	Y+4, r18	; 0x04
     dd8:	8c 81       	ldd	r24, Y+4	; 0x04
     dda:	9d 81       	ldd	r25, Y+5	; 0x05
     ddc:	81 30       	cpi	r24, 0x01	; 1
     dde:	91 05       	cpc	r25, r1
     de0:	09 f4       	brne	.+2      	; 0xde4 <MDIO_voidInitPin+0x2a>
     de2:	43 c0       	rjmp	.+134    	; 0xe6a <MDIO_voidInitPin+0xb0>
     de4:	2c 81       	ldd	r18, Y+4	; 0x04
     de6:	3d 81       	ldd	r19, Y+5	; 0x05
     de8:	22 30       	cpi	r18, 0x02	; 2
     dea:	31 05       	cpc	r19, r1
     dec:	2c f4       	brge	.+10     	; 0xdf8 <MDIO_voidInitPin+0x3e>
     dee:	8c 81       	ldd	r24, Y+4	; 0x04
     df0:	9d 81       	ldd	r25, Y+5	; 0x05
     df2:	00 97       	sbiw	r24, 0x00	; 0
     df4:	71 f0       	breq	.+28     	; 0xe12 <MDIO_voidInitPin+0x58>
     df6:	bc c0       	rjmp	.+376    	; 0xf70 <MDIO_voidInitPin+0x1b6>
     df8:	2c 81       	ldd	r18, Y+4	; 0x04
     dfa:	3d 81       	ldd	r19, Y+5	; 0x05
     dfc:	22 30       	cpi	r18, 0x02	; 2
     dfe:	31 05       	cpc	r19, r1
     e00:	09 f4       	brne	.+2      	; 0xe04 <MDIO_voidInitPin+0x4a>
     e02:	5f c0       	rjmp	.+190    	; 0xec2 <MDIO_voidInitPin+0x108>
     e04:	8c 81       	ldd	r24, Y+4	; 0x04
     e06:	9d 81       	ldd	r25, Y+5	; 0x05
     e08:	83 30       	cpi	r24, 0x03	; 3
     e0a:	91 05       	cpc	r25, r1
     e0c:	09 f4       	brne	.+2      	; 0xe10 <MDIO_voidInitPin+0x56>
     e0e:	85 c0       	rjmp	.+266    	; 0xf1a <MDIO_voidInitPin+0x160>
     e10:	af c0       	rjmp	.+350    	; 0xf70 <MDIO_voidInitPin+0x1b6>
	{
	case DIO_PORTA:
		if (A_u8Mode == DIO_INPUT)  { CLR_BIT(DDRA, A_u8PinNumber); }
     e12:	8b 81       	ldd	r24, Y+3	; 0x03
     e14:	88 23       	and	r24, r24
     e16:	a9 f4       	brne	.+42     	; 0xe42 <MDIO_voidInitPin+0x88>
     e18:	aa e3       	ldi	r26, 0x3A	; 58
     e1a:	b0 e0       	ldi	r27, 0x00	; 0
     e1c:	ea e3       	ldi	r30, 0x3A	; 58
     e1e:	f0 e0       	ldi	r31, 0x00	; 0
     e20:	80 81       	ld	r24, Z
     e22:	48 2f       	mov	r20, r24
     e24:	8a 81       	ldd	r24, Y+2	; 0x02
     e26:	28 2f       	mov	r18, r24
     e28:	30 e0       	ldi	r19, 0x00	; 0
     e2a:	81 e0       	ldi	r24, 0x01	; 1
     e2c:	90 e0       	ldi	r25, 0x00	; 0
     e2e:	02 2e       	mov	r0, r18
     e30:	02 c0       	rjmp	.+4      	; 0xe36 <MDIO_voidInitPin+0x7c>
     e32:	88 0f       	add	r24, r24
     e34:	99 1f       	adc	r25, r25
     e36:	0a 94       	dec	r0
     e38:	e2 f7       	brpl	.-8      	; 0xe32 <MDIO_voidInitPin+0x78>
     e3a:	80 95       	com	r24
     e3c:	84 23       	and	r24, r20
     e3e:	8c 93       	st	X, r24
     e40:	97 c0       	rjmp	.+302    	; 0xf70 <MDIO_voidInitPin+0x1b6>
		else                        { SET_BIT(DDRA, A_u8PinNumber); }
     e42:	aa e3       	ldi	r26, 0x3A	; 58
     e44:	b0 e0       	ldi	r27, 0x00	; 0
     e46:	ea e3       	ldi	r30, 0x3A	; 58
     e48:	f0 e0       	ldi	r31, 0x00	; 0
     e4a:	80 81       	ld	r24, Z
     e4c:	48 2f       	mov	r20, r24
     e4e:	8a 81       	ldd	r24, Y+2	; 0x02
     e50:	28 2f       	mov	r18, r24
     e52:	30 e0       	ldi	r19, 0x00	; 0
     e54:	81 e0       	ldi	r24, 0x01	; 1
     e56:	90 e0       	ldi	r25, 0x00	; 0
     e58:	02 2e       	mov	r0, r18
     e5a:	02 c0       	rjmp	.+4      	; 0xe60 <MDIO_voidInitPin+0xa6>
     e5c:	88 0f       	add	r24, r24
     e5e:	99 1f       	adc	r25, r25
     e60:	0a 94       	dec	r0
     e62:	e2 f7       	brpl	.-8      	; 0xe5c <MDIO_voidInitPin+0xa2>
     e64:	84 2b       	or	r24, r20
     e66:	8c 93       	st	X, r24
     e68:	83 c0       	rjmp	.+262    	; 0xf70 <MDIO_voidInitPin+0x1b6>
		break;
	case DIO_PORTB:
		if (A_u8Mode == DIO_INPUT)  { CLR_BIT(DDRB, A_u8PinNumber); }
     e6a:	8b 81       	ldd	r24, Y+3	; 0x03
     e6c:	88 23       	and	r24, r24
     e6e:	a9 f4       	brne	.+42     	; 0xe9a <MDIO_voidInitPin+0xe0>
     e70:	a7 e3       	ldi	r26, 0x37	; 55
     e72:	b0 e0       	ldi	r27, 0x00	; 0
     e74:	e7 e3       	ldi	r30, 0x37	; 55
     e76:	f0 e0       	ldi	r31, 0x00	; 0
     e78:	80 81       	ld	r24, Z
     e7a:	48 2f       	mov	r20, r24
     e7c:	8a 81       	ldd	r24, Y+2	; 0x02
     e7e:	28 2f       	mov	r18, r24
     e80:	30 e0       	ldi	r19, 0x00	; 0
     e82:	81 e0       	ldi	r24, 0x01	; 1
     e84:	90 e0       	ldi	r25, 0x00	; 0
     e86:	02 2e       	mov	r0, r18
     e88:	02 c0       	rjmp	.+4      	; 0xe8e <MDIO_voidInitPin+0xd4>
     e8a:	88 0f       	add	r24, r24
     e8c:	99 1f       	adc	r25, r25
     e8e:	0a 94       	dec	r0
     e90:	e2 f7       	brpl	.-8      	; 0xe8a <MDIO_voidInitPin+0xd0>
     e92:	80 95       	com	r24
     e94:	84 23       	and	r24, r20
     e96:	8c 93       	st	X, r24
     e98:	6b c0       	rjmp	.+214    	; 0xf70 <MDIO_voidInitPin+0x1b6>
		else                        { SET_BIT(DDRB, A_u8PinNumber); }
     e9a:	a7 e3       	ldi	r26, 0x37	; 55
     e9c:	b0 e0       	ldi	r27, 0x00	; 0
     e9e:	e7 e3       	ldi	r30, 0x37	; 55
     ea0:	f0 e0       	ldi	r31, 0x00	; 0
     ea2:	80 81       	ld	r24, Z
     ea4:	48 2f       	mov	r20, r24
     ea6:	8a 81       	ldd	r24, Y+2	; 0x02
     ea8:	28 2f       	mov	r18, r24
     eaa:	30 e0       	ldi	r19, 0x00	; 0
     eac:	81 e0       	ldi	r24, 0x01	; 1
     eae:	90 e0       	ldi	r25, 0x00	; 0
     eb0:	02 2e       	mov	r0, r18
     eb2:	02 c0       	rjmp	.+4      	; 0xeb8 <MDIO_voidInitPin+0xfe>
     eb4:	88 0f       	add	r24, r24
     eb6:	99 1f       	adc	r25, r25
     eb8:	0a 94       	dec	r0
     eba:	e2 f7       	brpl	.-8      	; 0xeb4 <MDIO_voidInitPin+0xfa>
     ebc:	84 2b       	or	r24, r20
     ebe:	8c 93       	st	X, r24
     ec0:	57 c0       	rjmp	.+174    	; 0xf70 <MDIO_voidInitPin+0x1b6>
		break;
	case DIO_PORTC:
		if (A_u8Mode == DIO_INPUT)  { CLR_BIT(DDRC, A_u8PinNumber); }
     ec2:	8b 81       	ldd	r24, Y+3	; 0x03
     ec4:	88 23       	and	r24, r24
     ec6:	a9 f4       	brne	.+42     	; 0xef2 <MDIO_voidInitPin+0x138>
     ec8:	a4 e3       	ldi	r26, 0x34	; 52
     eca:	b0 e0       	ldi	r27, 0x00	; 0
     ecc:	e4 e3       	ldi	r30, 0x34	; 52
     ece:	f0 e0       	ldi	r31, 0x00	; 0
     ed0:	80 81       	ld	r24, Z
     ed2:	48 2f       	mov	r20, r24
     ed4:	8a 81       	ldd	r24, Y+2	; 0x02
     ed6:	28 2f       	mov	r18, r24
     ed8:	30 e0       	ldi	r19, 0x00	; 0
     eda:	81 e0       	ldi	r24, 0x01	; 1
     edc:	90 e0       	ldi	r25, 0x00	; 0
     ede:	02 2e       	mov	r0, r18
     ee0:	02 c0       	rjmp	.+4      	; 0xee6 <MDIO_voidInitPin+0x12c>
     ee2:	88 0f       	add	r24, r24
     ee4:	99 1f       	adc	r25, r25
     ee6:	0a 94       	dec	r0
     ee8:	e2 f7       	brpl	.-8      	; 0xee2 <MDIO_voidInitPin+0x128>
     eea:	80 95       	com	r24
     eec:	84 23       	and	r24, r20
     eee:	8c 93       	st	X, r24
     ef0:	3f c0       	rjmp	.+126    	; 0xf70 <MDIO_voidInitPin+0x1b6>
		else                        { SET_BIT(DDRC, A_u8PinNumber); }
     ef2:	a4 e3       	ldi	r26, 0x34	; 52
     ef4:	b0 e0       	ldi	r27, 0x00	; 0
     ef6:	e4 e3       	ldi	r30, 0x34	; 52
     ef8:	f0 e0       	ldi	r31, 0x00	; 0
     efa:	80 81       	ld	r24, Z
     efc:	48 2f       	mov	r20, r24
     efe:	8a 81       	ldd	r24, Y+2	; 0x02
     f00:	28 2f       	mov	r18, r24
     f02:	30 e0       	ldi	r19, 0x00	; 0
     f04:	81 e0       	ldi	r24, 0x01	; 1
     f06:	90 e0       	ldi	r25, 0x00	; 0
     f08:	02 2e       	mov	r0, r18
     f0a:	02 c0       	rjmp	.+4      	; 0xf10 <MDIO_voidInitPin+0x156>
     f0c:	88 0f       	add	r24, r24
     f0e:	99 1f       	adc	r25, r25
     f10:	0a 94       	dec	r0
     f12:	e2 f7       	brpl	.-8      	; 0xf0c <MDIO_voidInitPin+0x152>
     f14:	84 2b       	or	r24, r20
     f16:	8c 93       	st	X, r24
     f18:	2b c0       	rjmp	.+86     	; 0xf70 <MDIO_voidInitPin+0x1b6>
		break;
	case DIO_PORTD:
		if (A_u8Mode == DIO_INPUT)  { CLR_BIT(DDRD, A_u8PinNumber); }
     f1a:	8b 81       	ldd	r24, Y+3	; 0x03
     f1c:	88 23       	and	r24, r24
     f1e:	a9 f4       	brne	.+42     	; 0xf4a <MDIO_voidInitPin+0x190>
     f20:	a1 e3       	ldi	r26, 0x31	; 49
     f22:	b0 e0       	ldi	r27, 0x00	; 0
     f24:	e1 e3       	ldi	r30, 0x31	; 49
     f26:	f0 e0       	ldi	r31, 0x00	; 0
     f28:	80 81       	ld	r24, Z
     f2a:	48 2f       	mov	r20, r24
     f2c:	8a 81       	ldd	r24, Y+2	; 0x02
     f2e:	28 2f       	mov	r18, r24
     f30:	30 e0       	ldi	r19, 0x00	; 0
     f32:	81 e0       	ldi	r24, 0x01	; 1
     f34:	90 e0       	ldi	r25, 0x00	; 0
     f36:	02 2e       	mov	r0, r18
     f38:	02 c0       	rjmp	.+4      	; 0xf3e <MDIO_voidInitPin+0x184>
     f3a:	88 0f       	add	r24, r24
     f3c:	99 1f       	adc	r25, r25
     f3e:	0a 94       	dec	r0
     f40:	e2 f7       	brpl	.-8      	; 0xf3a <MDIO_voidInitPin+0x180>
     f42:	80 95       	com	r24
     f44:	84 23       	and	r24, r20
     f46:	8c 93       	st	X, r24
     f48:	13 c0       	rjmp	.+38     	; 0xf70 <MDIO_voidInitPin+0x1b6>
		else                        { SET_BIT(DDRD, A_u8PinNumber); }
     f4a:	a1 e3       	ldi	r26, 0x31	; 49
     f4c:	b0 e0       	ldi	r27, 0x00	; 0
     f4e:	e1 e3       	ldi	r30, 0x31	; 49
     f50:	f0 e0       	ldi	r31, 0x00	; 0
     f52:	80 81       	ld	r24, Z
     f54:	48 2f       	mov	r20, r24
     f56:	8a 81       	ldd	r24, Y+2	; 0x02
     f58:	28 2f       	mov	r18, r24
     f5a:	30 e0       	ldi	r19, 0x00	; 0
     f5c:	81 e0       	ldi	r24, 0x01	; 1
     f5e:	90 e0       	ldi	r25, 0x00	; 0
     f60:	02 2e       	mov	r0, r18
     f62:	02 c0       	rjmp	.+4      	; 0xf68 <MDIO_voidInitPin+0x1ae>
     f64:	88 0f       	add	r24, r24
     f66:	99 1f       	adc	r25, r25
     f68:	0a 94       	dec	r0
     f6a:	e2 f7       	brpl	.-8      	; 0xf64 <MDIO_voidInitPin+0x1aa>
     f6c:	84 2b       	or	r24, r20
     f6e:	8c 93       	st	X, r24
		break;
	}
}
     f70:	0f 90       	pop	r0
     f72:	0f 90       	pop	r0
     f74:	0f 90       	pop	r0
     f76:	0f 90       	pop	r0
     f78:	0f 90       	pop	r0
     f7a:	cf 91       	pop	r28
     f7c:	df 91       	pop	r29
     f7e:	08 95       	ret

00000f80 <MDIO_voidSetPinValue>:

void MDIO_voidSetPinValue(u8 A_u8PortName, u8 A_u8PinNumber, u8 A_u8Value)
{
     f80:	df 93       	push	r29
     f82:	cf 93       	push	r28
     f84:	00 d0       	rcall	.+0      	; 0xf86 <MDIO_voidSetPinValue+0x6>
     f86:	00 d0       	rcall	.+0      	; 0xf88 <MDIO_voidSetPinValue+0x8>
     f88:	0f 92       	push	r0
     f8a:	cd b7       	in	r28, 0x3d	; 61
     f8c:	de b7       	in	r29, 0x3e	; 62
     f8e:	89 83       	std	Y+1, r24	; 0x01
     f90:	6a 83       	std	Y+2, r22	; 0x02
     f92:	4b 83       	std	Y+3, r20	; 0x03
	switch (A_u8PortName)
     f94:	89 81       	ldd	r24, Y+1	; 0x01
     f96:	28 2f       	mov	r18, r24
     f98:	30 e0       	ldi	r19, 0x00	; 0
     f9a:	3d 83       	std	Y+5, r19	; 0x05
     f9c:	2c 83       	std	Y+4, r18	; 0x04
     f9e:	8c 81       	ldd	r24, Y+4	; 0x04
     fa0:	9d 81       	ldd	r25, Y+5	; 0x05
     fa2:	81 30       	cpi	r24, 0x01	; 1
     fa4:	91 05       	cpc	r25, r1
     fa6:	09 f4       	brne	.+2      	; 0xfaa <MDIO_voidSetPinValue+0x2a>
     fa8:	43 c0       	rjmp	.+134    	; 0x1030 <MDIO_voidSetPinValue+0xb0>
     faa:	2c 81       	ldd	r18, Y+4	; 0x04
     fac:	3d 81       	ldd	r19, Y+5	; 0x05
     fae:	22 30       	cpi	r18, 0x02	; 2
     fb0:	31 05       	cpc	r19, r1
     fb2:	2c f4       	brge	.+10     	; 0xfbe <MDIO_voidSetPinValue+0x3e>
     fb4:	8c 81       	ldd	r24, Y+4	; 0x04
     fb6:	9d 81       	ldd	r25, Y+5	; 0x05
     fb8:	00 97       	sbiw	r24, 0x00	; 0
     fba:	71 f0       	breq	.+28     	; 0xfd8 <MDIO_voidSetPinValue+0x58>
     fbc:	bc c0       	rjmp	.+376    	; 0x1136 <MDIO_voidSetPinValue+0x1b6>
     fbe:	2c 81       	ldd	r18, Y+4	; 0x04
     fc0:	3d 81       	ldd	r19, Y+5	; 0x05
     fc2:	22 30       	cpi	r18, 0x02	; 2
     fc4:	31 05       	cpc	r19, r1
     fc6:	09 f4       	brne	.+2      	; 0xfca <MDIO_voidSetPinValue+0x4a>
     fc8:	5f c0       	rjmp	.+190    	; 0x1088 <MDIO_voidSetPinValue+0x108>
     fca:	8c 81       	ldd	r24, Y+4	; 0x04
     fcc:	9d 81       	ldd	r25, Y+5	; 0x05
     fce:	83 30       	cpi	r24, 0x03	; 3
     fd0:	91 05       	cpc	r25, r1
     fd2:	09 f4       	brne	.+2      	; 0xfd6 <MDIO_voidSetPinValue+0x56>
     fd4:	85 c0       	rjmp	.+266    	; 0x10e0 <MDIO_voidSetPinValue+0x160>
     fd6:	af c0       	rjmp	.+350    	; 0x1136 <MDIO_voidSetPinValue+0x1b6>
	{
	case DIO_PORTA:
		if (A_u8Value == DIO_LOW)   { CLR_BIT(PORTA, A_u8PinNumber); }
     fd8:	8b 81       	ldd	r24, Y+3	; 0x03
     fda:	88 23       	and	r24, r24
     fdc:	a9 f4       	brne	.+42     	; 0x1008 <MDIO_voidSetPinValue+0x88>
     fde:	ab e3       	ldi	r26, 0x3B	; 59
     fe0:	b0 e0       	ldi	r27, 0x00	; 0
     fe2:	eb e3       	ldi	r30, 0x3B	; 59
     fe4:	f0 e0       	ldi	r31, 0x00	; 0
     fe6:	80 81       	ld	r24, Z
     fe8:	48 2f       	mov	r20, r24
     fea:	8a 81       	ldd	r24, Y+2	; 0x02
     fec:	28 2f       	mov	r18, r24
     fee:	30 e0       	ldi	r19, 0x00	; 0
     ff0:	81 e0       	ldi	r24, 0x01	; 1
     ff2:	90 e0       	ldi	r25, 0x00	; 0
     ff4:	02 2e       	mov	r0, r18
     ff6:	02 c0       	rjmp	.+4      	; 0xffc <MDIO_voidSetPinValue+0x7c>
     ff8:	88 0f       	add	r24, r24
     ffa:	99 1f       	adc	r25, r25
     ffc:	0a 94       	dec	r0
     ffe:	e2 f7       	brpl	.-8      	; 0xff8 <MDIO_voidSetPinValue+0x78>
    1000:	80 95       	com	r24
    1002:	84 23       	and	r24, r20
    1004:	8c 93       	st	X, r24
    1006:	97 c0       	rjmp	.+302    	; 0x1136 <MDIO_voidSetPinValue+0x1b6>
		else                        { SET_BIT(PORTA, A_u8PinNumber); }
    1008:	ab e3       	ldi	r26, 0x3B	; 59
    100a:	b0 e0       	ldi	r27, 0x00	; 0
    100c:	eb e3       	ldi	r30, 0x3B	; 59
    100e:	f0 e0       	ldi	r31, 0x00	; 0
    1010:	80 81       	ld	r24, Z
    1012:	48 2f       	mov	r20, r24
    1014:	8a 81       	ldd	r24, Y+2	; 0x02
    1016:	28 2f       	mov	r18, r24
    1018:	30 e0       	ldi	r19, 0x00	; 0
    101a:	81 e0       	ldi	r24, 0x01	; 1
    101c:	90 e0       	ldi	r25, 0x00	; 0
    101e:	02 2e       	mov	r0, r18
    1020:	02 c0       	rjmp	.+4      	; 0x1026 <MDIO_voidSetPinValue+0xa6>
    1022:	88 0f       	add	r24, r24
    1024:	99 1f       	adc	r25, r25
    1026:	0a 94       	dec	r0
    1028:	e2 f7       	brpl	.-8      	; 0x1022 <MDIO_voidSetPinValue+0xa2>
    102a:	84 2b       	or	r24, r20
    102c:	8c 93       	st	X, r24
    102e:	83 c0       	rjmp	.+262    	; 0x1136 <MDIO_voidSetPinValue+0x1b6>
		break;
	case DIO_PORTB:
		if (A_u8Value == DIO_LOW)   { CLR_BIT(PORTB, A_u8PinNumber); }
    1030:	8b 81       	ldd	r24, Y+3	; 0x03
    1032:	88 23       	and	r24, r24
    1034:	a9 f4       	brne	.+42     	; 0x1060 <MDIO_voidSetPinValue+0xe0>
    1036:	a8 e3       	ldi	r26, 0x38	; 56
    1038:	b0 e0       	ldi	r27, 0x00	; 0
    103a:	e8 e3       	ldi	r30, 0x38	; 56
    103c:	f0 e0       	ldi	r31, 0x00	; 0
    103e:	80 81       	ld	r24, Z
    1040:	48 2f       	mov	r20, r24
    1042:	8a 81       	ldd	r24, Y+2	; 0x02
    1044:	28 2f       	mov	r18, r24
    1046:	30 e0       	ldi	r19, 0x00	; 0
    1048:	81 e0       	ldi	r24, 0x01	; 1
    104a:	90 e0       	ldi	r25, 0x00	; 0
    104c:	02 2e       	mov	r0, r18
    104e:	02 c0       	rjmp	.+4      	; 0x1054 <MDIO_voidSetPinValue+0xd4>
    1050:	88 0f       	add	r24, r24
    1052:	99 1f       	adc	r25, r25
    1054:	0a 94       	dec	r0
    1056:	e2 f7       	brpl	.-8      	; 0x1050 <MDIO_voidSetPinValue+0xd0>
    1058:	80 95       	com	r24
    105a:	84 23       	and	r24, r20
    105c:	8c 93       	st	X, r24
    105e:	6b c0       	rjmp	.+214    	; 0x1136 <MDIO_voidSetPinValue+0x1b6>
		else                        { SET_BIT(PORTB, A_u8PinNumber); }
    1060:	a8 e3       	ldi	r26, 0x38	; 56
    1062:	b0 e0       	ldi	r27, 0x00	; 0
    1064:	e8 e3       	ldi	r30, 0x38	; 56
    1066:	f0 e0       	ldi	r31, 0x00	; 0
    1068:	80 81       	ld	r24, Z
    106a:	48 2f       	mov	r20, r24
    106c:	8a 81       	ldd	r24, Y+2	; 0x02
    106e:	28 2f       	mov	r18, r24
    1070:	30 e0       	ldi	r19, 0x00	; 0
    1072:	81 e0       	ldi	r24, 0x01	; 1
    1074:	90 e0       	ldi	r25, 0x00	; 0
    1076:	02 2e       	mov	r0, r18
    1078:	02 c0       	rjmp	.+4      	; 0x107e <MDIO_voidSetPinValue+0xfe>
    107a:	88 0f       	add	r24, r24
    107c:	99 1f       	adc	r25, r25
    107e:	0a 94       	dec	r0
    1080:	e2 f7       	brpl	.-8      	; 0x107a <MDIO_voidSetPinValue+0xfa>
    1082:	84 2b       	or	r24, r20
    1084:	8c 93       	st	X, r24
    1086:	57 c0       	rjmp	.+174    	; 0x1136 <MDIO_voidSetPinValue+0x1b6>
		break;
	case DIO_PORTC:
		if (A_u8Value == DIO_LOW)   { CLR_BIT(PORTC, A_u8PinNumber); }
    1088:	8b 81       	ldd	r24, Y+3	; 0x03
    108a:	88 23       	and	r24, r24
    108c:	a9 f4       	brne	.+42     	; 0x10b8 <MDIO_voidSetPinValue+0x138>
    108e:	a5 e3       	ldi	r26, 0x35	; 53
    1090:	b0 e0       	ldi	r27, 0x00	; 0
    1092:	e5 e3       	ldi	r30, 0x35	; 53
    1094:	f0 e0       	ldi	r31, 0x00	; 0
    1096:	80 81       	ld	r24, Z
    1098:	48 2f       	mov	r20, r24
    109a:	8a 81       	ldd	r24, Y+2	; 0x02
    109c:	28 2f       	mov	r18, r24
    109e:	30 e0       	ldi	r19, 0x00	; 0
    10a0:	81 e0       	ldi	r24, 0x01	; 1
    10a2:	90 e0       	ldi	r25, 0x00	; 0
    10a4:	02 2e       	mov	r0, r18
    10a6:	02 c0       	rjmp	.+4      	; 0x10ac <MDIO_voidSetPinValue+0x12c>
    10a8:	88 0f       	add	r24, r24
    10aa:	99 1f       	adc	r25, r25
    10ac:	0a 94       	dec	r0
    10ae:	e2 f7       	brpl	.-8      	; 0x10a8 <MDIO_voidSetPinValue+0x128>
    10b0:	80 95       	com	r24
    10b2:	84 23       	and	r24, r20
    10b4:	8c 93       	st	X, r24
    10b6:	3f c0       	rjmp	.+126    	; 0x1136 <MDIO_voidSetPinValue+0x1b6>
		else                        { SET_BIT(PORTC, A_u8PinNumber); }
    10b8:	a5 e3       	ldi	r26, 0x35	; 53
    10ba:	b0 e0       	ldi	r27, 0x00	; 0
    10bc:	e5 e3       	ldi	r30, 0x35	; 53
    10be:	f0 e0       	ldi	r31, 0x00	; 0
    10c0:	80 81       	ld	r24, Z
    10c2:	48 2f       	mov	r20, r24
    10c4:	8a 81       	ldd	r24, Y+2	; 0x02
    10c6:	28 2f       	mov	r18, r24
    10c8:	30 e0       	ldi	r19, 0x00	; 0
    10ca:	81 e0       	ldi	r24, 0x01	; 1
    10cc:	90 e0       	ldi	r25, 0x00	; 0
    10ce:	02 2e       	mov	r0, r18
    10d0:	02 c0       	rjmp	.+4      	; 0x10d6 <MDIO_voidSetPinValue+0x156>
    10d2:	88 0f       	add	r24, r24
    10d4:	99 1f       	adc	r25, r25
    10d6:	0a 94       	dec	r0
    10d8:	e2 f7       	brpl	.-8      	; 0x10d2 <MDIO_voidSetPinValue+0x152>
    10da:	84 2b       	or	r24, r20
    10dc:	8c 93       	st	X, r24
    10de:	2b c0       	rjmp	.+86     	; 0x1136 <MDIO_voidSetPinValue+0x1b6>
		break;
	case DIO_PORTD:
		if (A_u8Value == DIO_LOW)   { CLR_BIT(PORTD, A_u8PinNumber); }
    10e0:	8b 81       	ldd	r24, Y+3	; 0x03
    10e2:	88 23       	and	r24, r24
    10e4:	a9 f4       	brne	.+42     	; 0x1110 <MDIO_voidSetPinValue+0x190>
    10e6:	a2 e3       	ldi	r26, 0x32	; 50
    10e8:	b0 e0       	ldi	r27, 0x00	; 0
    10ea:	e2 e3       	ldi	r30, 0x32	; 50
    10ec:	f0 e0       	ldi	r31, 0x00	; 0
    10ee:	80 81       	ld	r24, Z
    10f0:	48 2f       	mov	r20, r24
    10f2:	8a 81       	ldd	r24, Y+2	; 0x02
    10f4:	28 2f       	mov	r18, r24
    10f6:	30 e0       	ldi	r19, 0x00	; 0
    10f8:	81 e0       	ldi	r24, 0x01	; 1
    10fa:	90 e0       	ldi	r25, 0x00	; 0
    10fc:	02 2e       	mov	r0, r18
    10fe:	02 c0       	rjmp	.+4      	; 0x1104 <MDIO_voidSetPinValue+0x184>
    1100:	88 0f       	add	r24, r24
    1102:	99 1f       	adc	r25, r25
    1104:	0a 94       	dec	r0
    1106:	e2 f7       	brpl	.-8      	; 0x1100 <MDIO_voidSetPinValue+0x180>
    1108:	80 95       	com	r24
    110a:	84 23       	and	r24, r20
    110c:	8c 93       	st	X, r24
    110e:	13 c0       	rjmp	.+38     	; 0x1136 <MDIO_voidSetPinValue+0x1b6>
		else                        { SET_BIT(PORTD, A_u8PinNumber); }
    1110:	a2 e3       	ldi	r26, 0x32	; 50
    1112:	b0 e0       	ldi	r27, 0x00	; 0
    1114:	e2 e3       	ldi	r30, 0x32	; 50
    1116:	f0 e0       	ldi	r31, 0x00	; 0
    1118:	80 81       	ld	r24, Z
    111a:	48 2f       	mov	r20, r24
    111c:	8a 81       	ldd	r24, Y+2	; 0x02
    111e:	28 2f       	mov	r18, r24
    1120:	30 e0       	ldi	r19, 0x00	; 0
    1122:	81 e0       	ldi	r24, 0x01	; 1
    1124:	90 e0       	ldi	r25, 0x00	; 0
    1126:	02 2e       	mov	r0, r18
    1128:	02 c0       	rjmp	.+4      	; 0x112e <MDIO_voidSetPinValue+0x1ae>
    112a:	88 0f       	add	r24, r24
    112c:	99 1f       	adc	r25, r25
    112e:	0a 94       	dec	r0
    1130:	e2 f7       	brpl	.-8      	; 0x112a <MDIO_voidSetPinValue+0x1aa>
    1132:	84 2b       	or	r24, r20
    1134:	8c 93       	st	X, r24
		break;
	}
}
    1136:	0f 90       	pop	r0
    1138:	0f 90       	pop	r0
    113a:	0f 90       	pop	r0
    113c:	0f 90       	pop	r0
    113e:	0f 90       	pop	r0
    1140:	cf 91       	pop	r28
    1142:	df 91       	pop	r29
    1144:	08 95       	ret

00001146 <MDIO_voidTogPin>:

void MDIO_voidTogPin(u8 A_u8PortName, u8 A_u8PinNumber)
{
    1146:	df 93       	push	r29
    1148:	cf 93       	push	r28
    114a:	00 d0       	rcall	.+0      	; 0x114c <MDIO_voidTogPin+0x6>
    114c:	00 d0       	rcall	.+0      	; 0x114e <MDIO_voidTogPin+0x8>
    114e:	cd b7       	in	r28, 0x3d	; 61
    1150:	de b7       	in	r29, 0x3e	; 62
    1152:	89 83       	std	Y+1, r24	; 0x01
    1154:	6a 83       	std	Y+2, r22	; 0x02
	switch (A_u8PortName)
    1156:	89 81       	ldd	r24, Y+1	; 0x01
    1158:	28 2f       	mov	r18, r24
    115a:	30 e0       	ldi	r19, 0x00	; 0
    115c:	3c 83       	std	Y+4, r19	; 0x04
    115e:	2b 83       	std	Y+3, r18	; 0x03
    1160:	8b 81       	ldd	r24, Y+3	; 0x03
    1162:	9c 81       	ldd	r25, Y+4	; 0x04
    1164:	81 30       	cpi	r24, 0x01	; 1
    1166:	91 05       	cpc	r25, r1
    1168:	49 f1       	breq	.+82     	; 0x11bc <MDIO_voidTogPin+0x76>
    116a:	2b 81       	ldd	r18, Y+3	; 0x03
    116c:	3c 81       	ldd	r19, Y+4	; 0x04
    116e:	22 30       	cpi	r18, 0x02	; 2
    1170:	31 05       	cpc	r19, r1
    1172:	2c f4       	brge	.+10     	; 0x117e <MDIO_voidTogPin+0x38>
    1174:	8b 81       	ldd	r24, Y+3	; 0x03
    1176:	9c 81       	ldd	r25, Y+4	; 0x04
    1178:	00 97       	sbiw	r24, 0x00	; 0
    117a:	61 f0       	breq	.+24     	; 0x1194 <MDIO_voidTogPin+0x4e>
    117c:	5a c0       	rjmp	.+180    	; 0x1232 <MDIO_voidTogPin+0xec>
    117e:	2b 81       	ldd	r18, Y+3	; 0x03
    1180:	3c 81       	ldd	r19, Y+4	; 0x04
    1182:	22 30       	cpi	r18, 0x02	; 2
    1184:	31 05       	cpc	r19, r1
    1186:	71 f1       	breq	.+92     	; 0x11e4 <MDIO_voidTogPin+0x9e>
    1188:	8b 81       	ldd	r24, Y+3	; 0x03
    118a:	9c 81       	ldd	r25, Y+4	; 0x04
    118c:	83 30       	cpi	r24, 0x03	; 3
    118e:	91 05       	cpc	r25, r1
    1190:	e9 f1       	breq	.+122    	; 0x120c <MDIO_voidTogPin+0xc6>
    1192:	4f c0       	rjmp	.+158    	; 0x1232 <MDIO_voidTogPin+0xec>
	{
	case DIO_PORTA: TOG_BIT(PORTA, A_u8PinNumber); break;
    1194:	ab e3       	ldi	r26, 0x3B	; 59
    1196:	b0 e0       	ldi	r27, 0x00	; 0
    1198:	eb e3       	ldi	r30, 0x3B	; 59
    119a:	f0 e0       	ldi	r31, 0x00	; 0
    119c:	80 81       	ld	r24, Z
    119e:	48 2f       	mov	r20, r24
    11a0:	8a 81       	ldd	r24, Y+2	; 0x02
    11a2:	28 2f       	mov	r18, r24
    11a4:	30 e0       	ldi	r19, 0x00	; 0
    11a6:	81 e0       	ldi	r24, 0x01	; 1
    11a8:	90 e0       	ldi	r25, 0x00	; 0
    11aa:	02 2e       	mov	r0, r18
    11ac:	02 c0       	rjmp	.+4      	; 0x11b2 <MDIO_voidTogPin+0x6c>
    11ae:	88 0f       	add	r24, r24
    11b0:	99 1f       	adc	r25, r25
    11b2:	0a 94       	dec	r0
    11b4:	e2 f7       	brpl	.-8      	; 0x11ae <MDIO_voidTogPin+0x68>
    11b6:	84 27       	eor	r24, r20
    11b8:	8c 93       	st	X, r24
    11ba:	3b c0       	rjmp	.+118    	; 0x1232 <MDIO_voidTogPin+0xec>
	case DIO_PORTB: TOG_BIT(PORTB, A_u8PinNumber); break;
    11bc:	a8 e3       	ldi	r26, 0x38	; 56
    11be:	b0 e0       	ldi	r27, 0x00	; 0
    11c0:	e8 e3       	ldi	r30, 0x38	; 56
    11c2:	f0 e0       	ldi	r31, 0x00	; 0
    11c4:	80 81       	ld	r24, Z
    11c6:	48 2f       	mov	r20, r24
    11c8:	8a 81       	ldd	r24, Y+2	; 0x02
    11ca:	28 2f       	mov	r18, r24
    11cc:	30 e0       	ldi	r19, 0x00	; 0
    11ce:	81 e0       	ldi	r24, 0x01	; 1
    11d0:	90 e0       	ldi	r25, 0x00	; 0
    11d2:	02 2e       	mov	r0, r18
    11d4:	02 c0       	rjmp	.+4      	; 0x11da <MDIO_voidTogPin+0x94>
    11d6:	88 0f       	add	r24, r24
    11d8:	99 1f       	adc	r25, r25
    11da:	0a 94       	dec	r0
    11dc:	e2 f7       	brpl	.-8      	; 0x11d6 <MDIO_voidTogPin+0x90>
    11de:	84 27       	eor	r24, r20
    11e0:	8c 93       	st	X, r24
    11e2:	27 c0       	rjmp	.+78     	; 0x1232 <MDIO_voidTogPin+0xec>
	case DIO_PORTC: TOG_BIT(PORTC, A_u8PinNumber); break;
    11e4:	a5 e3       	ldi	r26, 0x35	; 53
    11e6:	b0 e0       	ldi	r27, 0x00	; 0
    11e8:	e5 e3       	ldi	r30, 0x35	; 53
    11ea:	f0 e0       	ldi	r31, 0x00	; 0
    11ec:	80 81       	ld	r24, Z
    11ee:	48 2f       	mov	r20, r24
    11f0:	8a 81       	ldd	r24, Y+2	; 0x02
    11f2:	28 2f       	mov	r18, r24
    11f4:	30 e0       	ldi	r19, 0x00	; 0
    11f6:	81 e0       	ldi	r24, 0x01	; 1
    11f8:	90 e0       	ldi	r25, 0x00	; 0
    11fa:	02 2e       	mov	r0, r18
    11fc:	02 c0       	rjmp	.+4      	; 0x1202 <MDIO_voidTogPin+0xbc>
    11fe:	88 0f       	add	r24, r24
    1200:	99 1f       	adc	r25, r25
    1202:	0a 94       	dec	r0
    1204:	e2 f7       	brpl	.-8      	; 0x11fe <MDIO_voidTogPin+0xb8>
    1206:	84 27       	eor	r24, r20
    1208:	8c 93       	st	X, r24
    120a:	13 c0       	rjmp	.+38     	; 0x1232 <MDIO_voidTogPin+0xec>
	case DIO_PORTD: TOG_BIT(PORTD, A_u8PinNumber); break;
    120c:	a2 e3       	ldi	r26, 0x32	; 50
    120e:	b0 e0       	ldi	r27, 0x00	; 0
    1210:	e2 e3       	ldi	r30, 0x32	; 50
    1212:	f0 e0       	ldi	r31, 0x00	; 0
    1214:	80 81       	ld	r24, Z
    1216:	48 2f       	mov	r20, r24
    1218:	8a 81       	ldd	r24, Y+2	; 0x02
    121a:	28 2f       	mov	r18, r24
    121c:	30 e0       	ldi	r19, 0x00	; 0
    121e:	81 e0       	ldi	r24, 0x01	; 1
    1220:	90 e0       	ldi	r25, 0x00	; 0
    1222:	02 2e       	mov	r0, r18
    1224:	02 c0       	rjmp	.+4      	; 0x122a <MDIO_voidTogPin+0xe4>
    1226:	88 0f       	add	r24, r24
    1228:	99 1f       	adc	r25, r25
    122a:	0a 94       	dec	r0
    122c:	e2 f7       	brpl	.-8      	; 0x1226 <MDIO_voidTogPin+0xe0>
    122e:	84 27       	eor	r24, r20
    1230:	8c 93       	st	X, r24
	}
}
    1232:	0f 90       	pop	r0
    1234:	0f 90       	pop	r0
    1236:	0f 90       	pop	r0
    1238:	0f 90       	pop	r0
    123a:	cf 91       	pop	r28
    123c:	df 91       	pop	r29
    123e:	08 95       	ret

00001240 <MDIO_u8ReadPin>:

u8 MDIO_u8ReadPin(u8 A_u8PortName, u8 A_u8PinNumber)
{
    1240:	df 93       	push	r29
    1242:	cf 93       	push	r28
    1244:	00 d0       	rcall	.+0      	; 0x1246 <MDIO_u8ReadPin+0x6>
    1246:	00 d0       	rcall	.+0      	; 0x1248 <MDIO_u8ReadPin+0x8>
    1248:	0f 92       	push	r0
    124a:	cd b7       	in	r28, 0x3d	; 61
    124c:	de b7       	in	r29, 0x3e	; 62
    124e:	8a 83       	std	Y+2, r24	; 0x02
    1250:	6b 83       	std	Y+3, r22	; 0x03
	u8 L_u8ReadPin = 0;
    1252:	19 82       	std	Y+1, r1	; 0x01
	switch (A_u8PortName)
    1254:	8a 81       	ldd	r24, Y+2	; 0x02
    1256:	28 2f       	mov	r18, r24
    1258:	30 e0       	ldi	r19, 0x00	; 0
    125a:	3d 83       	std	Y+5, r19	; 0x05
    125c:	2c 83       	std	Y+4, r18	; 0x04
    125e:	4c 81       	ldd	r20, Y+4	; 0x04
    1260:	5d 81       	ldd	r21, Y+5	; 0x05
    1262:	41 30       	cpi	r20, 0x01	; 1
    1264:	51 05       	cpc	r21, r1
    1266:	41 f1       	breq	.+80     	; 0x12b8 <MDIO_u8ReadPin+0x78>
    1268:	8c 81       	ldd	r24, Y+4	; 0x04
    126a:	9d 81       	ldd	r25, Y+5	; 0x05
    126c:	82 30       	cpi	r24, 0x02	; 2
    126e:	91 05       	cpc	r25, r1
    1270:	34 f4       	brge	.+12     	; 0x127e <MDIO_u8ReadPin+0x3e>
    1272:	2c 81       	ldd	r18, Y+4	; 0x04
    1274:	3d 81       	ldd	r19, Y+5	; 0x05
    1276:	21 15       	cp	r18, r1
    1278:	31 05       	cpc	r19, r1
    127a:	61 f0       	breq	.+24     	; 0x1294 <MDIO_u8ReadPin+0x54>
    127c:	52 c0       	rjmp	.+164    	; 0x1322 <MDIO_u8ReadPin+0xe2>
    127e:	4c 81       	ldd	r20, Y+4	; 0x04
    1280:	5d 81       	ldd	r21, Y+5	; 0x05
    1282:	42 30       	cpi	r20, 0x02	; 2
    1284:	51 05       	cpc	r21, r1
    1286:	51 f1       	breq	.+84     	; 0x12dc <MDIO_u8ReadPin+0x9c>
    1288:	8c 81       	ldd	r24, Y+4	; 0x04
    128a:	9d 81       	ldd	r25, Y+5	; 0x05
    128c:	83 30       	cpi	r24, 0x03	; 3
    128e:	91 05       	cpc	r25, r1
    1290:	b9 f1       	breq	.+110    	; 0x1300 <MDIO_u8ReadPin+0xc0>
    1292:	47 c0       	rjmp	.+142    	; 0x1322 <MDIO_u8ReadPin+0xe2>
	{
	case DIO_PORTA: L_u8ReadPin = READ_BIT(PINA, A_u8PinNumber); break;
    1294:	e9 e3       	ldi	r30, 0x39	; 57
    1296:	f0 e0       	ldi	r31, 0x00	; 0
    1298:	80 81       	ld	r24, Z
    129a:	28 2f       	mov	r18, r24
    129c:	30 e0       	ldi	r19, 0x00	; 0
    129e:	8b 81       	ldd	r24, Y+3	; 0x03
    12a0:	88 2f       	mov	r24, r24
    12a2:	90 e0       	ldi	r25, 0x00	; 0
    12a4:	a9 01       	movw	r20, r18
    12a6:	02 c0       	rjmp	.+4      	; 0x12ac <MDIO_u8ReadPin+0x6c>
    12a8:	55 95       	asr	r21
    12aa:	47 95       	ror	r20
    12ac:	8a 95       	dec	r24
    12ae:	e2 f7       	brpl	.-8      	; 0x12a8 <MDIO_u8ReadPin+0x68>
    12b0:	ca 01       	movw	r24, r20
    12b2:	81 70       	andi	r24, 0x01	; 1
    12b4:	89 83       	std	Y+1, r24	; 0x01
    12b6:	35 c0       	rjmp	.+106    	; 0x1322 <MDIO_u8ReadPin+0xe2>
	case DIO_PORTB: L_u8ReadPin = READ_BIT(PINB, A_u8PinNumber); break;
    12b8:	e6 e3       	ldi	r30, 0x36	; 54
    12ba:	f0 e0       	ldi	r31, 0x00	; 0
    12bc:	80 81       	ld	r24, Z
    12be:	28 2f       	mov	r18, r24
    12c0:	30 e0       	ldi	r19, 0x00	; 0
    12c2:	8b 81       	ldd	r24, Y+3	; 0x03
    12c4:	88 2f       	mov	r24, r24
    12c6:	90 e0       	ldi	r25, 0x00	; 0
    12c8:	a9 01       	movw	r20, r18
    12ca:	02 c0       	rjmp	.+4      	; 0x12d0 <MDIO_u8ReadPin+0x90>
    12cc:	55 95       	asr	r21
    12ce:	47 95       	ror	r20
    12d0:	8a 95       	dec	r24
    12d2:	e2 f7       	brpl	.-8      	; 0x12cc <MDIO_u8ReadPin+0x8c>
    12d4:	ca 01       	movw	r24, r20
    12d6:	81 70       	andi	r24, 0x01	; 1
    12d8:	89 83       	std	Y+1, r24	; 0x01
    12da:	23 c0       	rjmp	.+70     	; 0x1322 <MDIO_u8ReadPin+0xe2>
	case DIO_PORTC: L_u8ReadPin = READ_BIT(PINC, A_u8PinNumber); break;
    12dc:	e3 e3       	ldi	r30, 0x33	; 51
    12de:	f0 e0       	ldi	r31, 0x00	; 0
    12e0:	80 81       	ld	r24, Z
    12e2:	28 2f       	mov	r18, r24
    12e4:	30 e0       	ldi	r19, 0x00	; 0
    12e6:	8b 81       	ldd	r24, Y+3	; 0x03
    12e8:	88 2f       	mov	r24, r24
    12ea:	90 e0       	ldi	r25, 0x00	; 0
    12ec:	a9 01       	movw	r20, r18
    12ee:	02 c0       	rjmp	.+4      	; 0x12f4 <MDIO_u8ReadPin+0xb4>
    12f0:	55 95       	asr	r21
    12f2:	47 95       	ror	r20
    12f4:	8a 95       	dec	r24
    12f6:	e2 f7       	brpl	.-8      	; 0x12f0 <MDIO_u8ReadPin+0xb0>
    12f8:	ca 01       	movw	r24, r20
    12fa:	81 70       	andi	r24, 0x01	; 1
    12fc:	89 83       	std	Y+1, r24	; 0x01
    12fe:	11 c0       	rjmp	.+34     	; 0x1322 <MDIO_u8ReadPin+0xe2>
	case DIO_PORTD: L_u8ReadPin = READ_BIT(PIND, A_u8PinNumber); break;
    1300:	e0 e3       	ldi	r30, 0x30	; 48
    1302:	f0 e0       	ldi	r31, 0x00	; 0
    1304:	80 81       	ld	r24, Z
    1306:	28 2f       	mov	r18, r24
    1308:	30 e0       	ldi	r19, 0x00	; 0
    130a:	8b 81       	ldd	r24, Y+3	; 0x03
    130c:	88 2f       	mov	r24, r24
    130e:	90 e0       	ldi	r25, 0x00	; 0
    1310:	a9 01       	movw	r20, r18
    1312:	02 c0       	rjmp	.+4      	; 0x1318 <MDIO_u8ReadPin+0xd8>
    1314:	55 95       	asr	r21
    1316:	47 95       	ror	r20
    1318:	8a 95       	dec	r24
    131a:	e2 f7       	brpl	.-8      	; 0x1314 <MDIO_u8ReadPin+0xd4>
    131c:	ca 01       	movw	r24, r20
    131e:	81 70       	andi	r24, 0x01	; 1
    1320:	89 83       	std	Y+1, r24	; 0x01
	}
	return L_u8ReadPin;
    1322:	89 81       	ldd	r24, Y+1	; 0x01
}
    1324:	0f 90       	pop	r0
    1326:	0f 90       	pop	r0
    1328:	0f 90       	pop	r0
    132a:	0f 90       	pop	r0
    132c:	0f 90       	pop	r0
    132e:	cf 91       	pop	r28
    1330:	df 91       	pop	r29
    1332:	08 95       	ret

00001334 <MDIO_voidInitPort>:

void MDIO_voidInitPort(u8 A_u8PortName, u8 A_u8Mode)
{
    1334:	df 93       	push	r29
    1336:	cf 93       	push	r28
    1338:	00 d0       	rcall	.+0      	; 0x133a <MDIO_voidInitPort+0x6>
    133a:	00 d0       	rcall	.+0      	; 0x133c <MDIO_voidInitPort+0x8>
    133c:	cd b7       	in	r28, 0x3d	; 61
    133e:	de b7       	in	r29, 0x3e	; 62
    1340:	89 83       	std	Y+1, r24	; 0x01
    1342:	6a 83       	std	Y+2, r22	; 0x02
	switch (A_u8PortName)
    1344:	89 81       	ldd	r24, Y+1	; 0x01
    1346:	28 2f       	mov	r18, r24
    1348:	30 e0       	ldi	r19, 0x00	; 0
    134a:	3c 83       	std	Y+4, r19	; 0x04
    134c:	2b 83       	std	Y+3, r18	; 0x03
    134e:	8b 81       	ldd	r24, Y+3	; 0x03
    1350:	9c 81       	ldd	r25, Y+4	; 0x04
    1352:	81 30       	cpi	r24, 0x01	; 1
    1354:	91 05       	cpc	r25, r1
    1356:	d1 f0       	breq	.+52     	; 0x138c <MDIO_voidInitPort+0x58>
    1358:	2b 81       	ldd	r18, Y+3	; 0x03
    135a:	3c 81       	ldd	r19, Y+4	; 0x04
    135c:	22 30       	cpi	r18, 0x02	; 2
    135e:	31 05       	cpc	r19, r1
    1360:	2c f4       	brge	.+10     	; 0x136c <MDIO_voidInitPort+0x38>
    1362:	8b 81       	ldd	r24, Y+3	; 0x03
    1364:	9c 81       	ldd	r25, Y+4	; 0x04
    1366:	00 97       	sbiw	r24, 0x00	; 0
    1368:	61 f0       	breq	.+24     	; 0x1382 <MDIO_voidInitPort+0x4e>
    136a:	1e c0       	rjmp	.+60     	; 0x13a8 <MDIO_voidInitPort+0x74>
    136c:	2b 81       	ldd	r18, Y+3	; 0x03
    136e:	3c 81       	ldd	r19, Y+4	; 0x04
    1370:	22 30       	cpi	r18, 0x02	; 2
    1372:	31 05       	cpc	r19, r1
    1374:	81 f0       	breq	.+32     	; 0x1396 <MDIO_voidInitPort+0x62>
    1376:	8b 81       	ldd	r24, Y+3	; 0x03
    1378:	9c 81       	ldd	r25, Y+4	; 0x04
    137a:	83 30       	cpi	r24, 0x03	; 3
    137c:	91 05       	cpc	r25, r1
    137e:	81 f0       	breq	.+32     	; 0x13a0 <MDIO_voidInitPort+0x6c>
    1380:	13 c0       	rjmp	.+38     	; 0x13a8 <MDIO_voidInitPort+0x74>
	{
	case DIO_PORTA: DDRA = A_u8Mode; break;
    1382:	ea e3       	ldi	r30, 0x3A	; 58
    1384:	f0 e0       	ldi	r31, 0x00	; 0
    1386:	8a 81       	ldd	r24, Y+2	; 0x02
    1388:	80 83       	st	Z, r24
    138a:	0e c0       	rjmp	.+28     	; 0x13a8 <MDIO_voidInitPort+0x74>
	case DIO_PORTB: DDRB = A_u8Mode; break;
    138c:	e7 e3       	ldi	r30, 0x37	; 55
    138e:	f0 e0       	ldi	r31, 0x00	; 0
    1390:	8a 81       	ldd	r24, Y+2	; 0x02
    1392:	80 83       	st	Z, r24
    1394:	09 c0       	rjmp	.+18     	; 0x13a8 <MDIO_voidInitPort+0x74>
	case DIO_PORTC: DDRC = A_u8Mode; break;
    1396:	e4 e3       	ldi	r30, 0x34	; 52
    1398:	f0 e0       	ldi	r31, 0x00	; 0
    139a:	8a 81       	ldd	r24, Y+2	; 0x02
    139c:	80 83       	st	Z, r24
    139e:	04 c0       	rjmp	.+8      	; 0x13a8 <MDIO_voidInitPort+0x74>
	case DIO_PORTD: DDRD = A_u8Mode; break;
    13a0:	e1 e3       	ldi	r30, 0x31	; 49
    13a2:	f0 e0       	ldi	r31, 0x00	; 0
    13a4:	8a 81       	ldd	r24, Y+2	; 0x02
    13a6:	80 83       	st	Z, r24
	}
}
    13a8:	0f 90       	pop	r0
    13aa:	0f 90       	pop	r0
    13ac:	0f 90       	pop	r0
    13ae:	0f 90       	pop	r0
    13b0:	cf 91       	pop	r28
    13b2:	df 91       	pop	r29
    13b4:	08 95       	ret

000013b6 <MDIO_voidSetPortValue>:

void MDIO_voidSetPortValue(u8 A_u8PortName, u8 A_u8Value)
{
    13b6:	df 93       	push	r29
    13b8:	cf 93       	push	r28
    13ba:	00 d0       	rcall	.+0      	; 0x13bc <MDIO_voidSetPortValue+0x6>
    13bc:	00 d0       	rcall	.+0      	; 0x13be <MDIO_voidSetPortValue+0x8>
    13be:	cd b7       	in	r28, 0x3d	; 61
    13c0:	de b7       	in	r29, 0x3e	; 62
    13c2:	89 83       	std	Y+1, r24	; 0x01
    13c4:	6a 83       	std	Y+2, r22	; 0x02
	switch (A_u8PortName)
    13c6:	89 81       	ldd	r24, Y+1	; 0x01
    13c8:	28 2f       	mov	r18, r24
    13ca:	30 e0       	ldi	r19, 0x00	; 0
    13cc:	3c 83       	std	Y+4, r19	; 0x04
    13ce:	2b 83       	std	Y+3, r18	; 0x03
    13d0:	8b 81       	ldd	r24, Y+3	; 0x03
    13d2:	9c 81       	ldd	r25, Y+4	; 0x04
    13d4:	81 30       	cpi	r24, 0x01	; 1
    13d6:	91 05       	cpc	r25, r1
    13d8:	d1 f0       	breq	.+52     	; 0x140e <MDIO_voidSetPortValue+0x58>
    13da:	2b 81       	ldd	r18, Y+3	; 0x03
    13dc:	3c 81       	ldd	r19, Y+4	; 0x04
    13de:	22 30       	cpi	r18, 0x02	; 2
    13e0:	31 05       	cpc	r19, r1
    13e2:	2c f4       	brge	.+10     	; 0x13ee <MDIO_voidSetPortValue+0x38>
    13e4:	8b 81       	ldd	r24, Y+3	; 0x03
    13e6:	9c 81       	ldd	r25, Y+4	; 0x04
    13e8:	00 97       	sbiw	r24, 0x00	; 0
    13ea:	61 f0       	breq	.+24     	; 0x1404 <MDIO_voidSetPortValue+0x4e>
    13ec:	1e c0       	rjmp	.+60     	; 0x142a <MDIO_voidSetPortValue+0x74>
    13ee:	2b 81       	ldd	r18, Y+3	; 0x03
    13f0:	3c 81       	ldd	r19, Y+4	; 0x04
    13f2:	22 30       	cpi	r18, 0x02	; 2
    13f4:	31 05       	cpc	r19, r1
    13f6:	81 f0       	breq	.+32     	; 0x1418 <MDIO_voidSetPortValue+0x62>
    13f8:	8b 81       	ldd	r24, Y+3	; 0x03
    13fa:	9c 81       	ldd	r25, Y+4	; 0x04
    13fc:	83 30       	cpi	r24, 0x03	; 3
    13fe:	91 05       	cpc	r25, r1
    1400:	81 f0       	breq	.+32     	; 0x1422 <MDIO_voidSetPortValue+0x6c>
    1402:	13 c0       	rjmp	.+38     	; 0x142a <MDIO_voidSetPortValue+0x74>
	{
	case DIO_PORTA: PORTA = A_u8Value; break;
    1404:	eb e3       	ldi	r30, 0x3B	; 59
    1406:	f0 e0       	ldi	r31, 0x00	; 0
    1408:	8a 81       	ldd	r24, Y+2	; 0x02
    140a:	80 83       	st	Z, r24
    140c:	0e c0       	rjmp	.+28     	; 0x142a <MDIO_voidSetPortValue+0x74>
	case DIO_PORTB: PORTB = A_u8Value; break;
    140e:	e8 e3       	ldi	r30, 0x38	; 56
    1410:	f0 e0       	ldi	r31, 0x00	; 0
    1412:	8a 81       	ldd	r24, Y+2	; 0x02
    1414:	80 83       	st	Z, r24
    1416:	09 c0       	rjmp	.+18     	; 0x142a <MDIO_voidSetPortValue+0x74>
	case DIO_PORTC: PORTC = A_u8Value; break;
    1418:	e5 e3       	ldi	r30, 0x35	; 53
    141a:	f0 e0       	ldi	r31, 0x00	; 0
    141c:	8a 81       	ldd	r24, Y+2	; 0x02
    141e:	80 83       	st	Z, r24
    1420:	04 c0       	rjmp	.+8      	; 0x142a <MDIO_voidSetPortValue+0x74>
	case DIO_PORTD: PORTD = A_u8Value; break;
    1422:	e2 e3       	ldi	r30, 0x32	; 50
    1424:	f0 e0       	ldi	r31, 0x00	; 0
    1426:	8a 81       	ldd	r24, Y+2	; 0x02
    1428:	80 83       	st	Z, r24
	}
}
    142a:	0f 90       	pop	r0
    142c:	0f 90       	pop	r0
    142e:	0f 90       	pop	r0
    1430:	0f 90       	pop	r0
    1432:	cf 91       	pop	r28
    1434:	df 91       	pop	r29
    1436:	08 95       	ret

00001438 <MDIO_voidTogPort>:

void MDIO_voidTogPort(u8 A_u8PortName)
{
    1438:	df 93       	push	r29
    143a:	cf 93       	push	r28
    143c:	00 d0       	rcall	.+0      	; 0x143e <MDIO_voidTogPort+0x6>
    143e:	0f 92       	push	r0
    1440:	cd b7       	in	r28, 0x3d	; 61
    1442:	de b7       	in	r29, 0x3e	; 62
    1444:	89 83       	std	Y+1, r24	; 0x01
	switch (A_u8PortName)
    1446:	89 81       	ldd	r24, Y+1	; 0x01
    1448:	28 2f       	mov	r18, r24
    144a:	30 e0       	ldi	r19, 0x00	; 0
    144c:	3b 83       	std	Y+3, r19	; 0x03
    144e:	2a 83       	std	Y+2, r18	; 0x02
    1450:	8a 81       	ldd	r24, Y+2	; 0x02
    1452:	9b 81       	ldd	r25, Y+3	; 0x03
    1454:	81 30       	cpi	r24, 0x01	; 1
    1456:	91 05       	cpc	r25, r1
    1458:	e9 f0       	breq	.+58     	; 0x1494 <MDIO_voidTogPort+0x5c>
    145a:	2a 81       	ldd	r18, Y+2	; 0x02
    145c:	3b 81       	ldd	r19, Y+3	; 0x03
    145e:	22 30       	cpi	r18, 0x02	; 2
    1460:	31 05       	cpc	r19, r1
    1462:	2c f4       	brge	.+10     	; 0x146e <MDIO_voidTogPort+0x36>
    1464:	8a 81       	ldd	r24, Y+2	; 0x02
    1466:	9b 81       	ldd	r25, Y+3	; 0x03
    1468:	00 97       	sbiw	r24, 0x00	; 0
    146a:	61 f0       	breq	.+24     	; 0x1484 <MDIO_voidTogPort+0x4c>
    146c:	2a c0       	rjmp	.+84     	; 0x14c2 <MDIO_voidTogPort+0x8a>
    146e:	2a 81       	ldd	r18, Y+2	; 0x02
    1470:	3b 81       	ldd	r19, Y+3	; 0x03
    1472:	22 30       	cpi	r18, 0x02	; 2
    1474:	31 05       	cpc	r19, r1
    1476:	b1 f0       	breq	.+44     	; 0x14a4 <MDIO_voidTogPort+0x6c>
    1478:	8a 81       	ldd	r24, Y+2	; 0x02
    147a:	9b 81       	ldd	r25, Y+3	; 0x03
    147c:	83 30       	cpi	r24, 0x03	; 3
    147e:	91 05       	cpc	r25, r1
    1480:	c9 f0       	breq	.+50     	; 0x14b4 <MDIO_voidTogPort+0x7c>
    1482:	1f c0       	rjmp	.+62     	; 0x14c2 <MDIO_voidTogPort+0x8a>
	{
	case DIO_PORTA: PORTA = ~PORTA; break;
    1484:	ab e3       	ldi	r26, 0x3B	; 59
    1486:	b0 e0       	ldi	r27, 0x00	; 0
    1488:	eb e3       	ldi	r30, 0x3B	; 59
    148a:	f0 e0       	ldi	r31, 0x00	; 0
    148c:	80 81       	ld	r24, Z
    148e:	80 95       	com	r24
    1490:	8c 93       	st	X, r24
    1492:	17 c0       	rjmp	.+46     	; 0x14c2 <MDIO_voidTogPort+0x8a>
	case DIO_PORTB: PORTB = ~PORTB; break;
    1494:	a8 e3       	ldi	r26, 0x38	; 56
    1496:	b0 e0       	ldi	r27, 0x00	; 0
    1498:	e8 e3       	ldi	r30, 0x38	; 56
    149a:	f0 e0       	ldi	r31, 0x00	; 0
    149c:	80 81       	ld	r24, Z
    149e:	80 95       	com	r24
    14a0:	8c 93       	st	X, r24
    14a2:	0f c0       	rjmp	.+30     	; 0x14c2 <MDIO_voidTogPort+0x8a>
	case DIO_PORTC: PORTC = ~PORTC; break;
    14a4:	a5 e3       	ldi	r26, 0x35	; 53
    14a6:	b0 e0       	ldi	r27, 0x00	; 0
    14a8:	e5 e3       	ldi	r30, 0x35	; 53
    14aa:	f0 e0       	ldi	r31, 0x00	; 0
    14ac:	80 81       	ld	r24, Z
    14ae:	80 95       	com	r24
    14b0:	8c 93       	st	X, r24
    14b2:	07 c0       	rjmp	.+14     	; 0x14c2 <MDIO_voidTogPort+0x8a>
	case DIO_PORTD: PORTD = ~PORTD; break;
    14b4:	a2 e3       	ldi	r26, 0x32	; 50
    14b6:	b0 e0       	ldi	r27, 0x00	; 0
    14b8:	e2 e3       	ldi	r30, 0x32	; 50
    14ba:	f0 e0       	ldi	r31, 0x00	; 0
    14bc:	80 81       	ld	r24, Z
    14be:	80 95       	com	r24
    14c0:	8c 93       	st	X, r24
	}
}
    14c2:	0f 90       	pop	r0
    14c4:	0f 90       	pop	r0
    14c6:	0f 90       	pop	r0
    14c8:	cf 91       	pop	r28
    14ca:	df 91       	pop	r29
    14cc:	08 95       	ret

000014ce <MDIO_u8ReadPort>:

u8 MDIO_u8ReadPort(u8 A_u8PortName)
{
    14ce:	df 93       	push	r29
    14d0:	cf 93       	push	r28
    14d2:	00 d0       	rcall	.+0      	; 0x14d4 <MDIO_u8ReadPort+0x6>
    14d4:	00 d0       	rcall	.+0      	; 0x14d6 <MDIO_u8ReadPort+0x8>
    14d6:	cd b7       	in	r28, 0x3d	; 61
    14d8:	de b7       	in	r29, 0x3e	; 62
    14da:	8a 83       	std	Y+2, r24	; 0x02
	u8 L_u8ReadPort = 0;
    14dc:	19 82       	std	Y+1, r1	; 0x01
	switch (A_u8PortName)
    14de:	8a 81       	ldd	r24, Y+2	; 0x02
    14e0:	28 2f       	mov	r18, r24
    14e2:	30 e0       	ldi	r19, 0x00	; 0
    14e4:	3c 83       	std	Y+4, r19	; 0x04
    14e6:	2b 83       	std	Y+3, r18	; 0x03
    14e8:	8b 81       	ldd	r24, Y+3	; 0x03
    14ea:	9c 81       	ldd	r25, Y+4	; 0x04
    14ec:	81 30       	cpi	r24, 0x01	; 1
    14ee:	91 05       	cpc	r25, r1
    14f0:	d1 f0       	breq	.+52     	; 0x1526 <MDIO_u8ReadPort+0x58>
    14f2:	2b 81       	ldd	r18, Y+3	; 0x03
    14f4:	3c 81       	ldd	r19, Y+4	; 0x04
    14f6:	22 30       	cpi	r18, 0x02	; 2
    14f8:	31 05       	cpc	r19, r1
    14fa:	2c f4       	brge	.+10     	; 0x1506 <MDIO_u8ReadPort+0x38>
    14fc:	8b 81       	ldd	r24, Y+3	; 0x03
    14fe:	9c 81       	ldd	r25, Y+4	; 0x04
    1500:	00 97       	sbiw	r24, 0x00	; 0
    1502:	61 f0       	breq	.+24     	; 0x151c <MDIO_u8ReadPort+0x4e>
    1504:	1e c0       	rjmp	.+60     	; 0x1542 <MDIO_u8ReadPort+0x74>
    1506:	2b 81       	ldd	r18, Y+3	; 0x03
    1508:	3c 81       	ldd	r19, Y+4	; 0x04
    150a:	22 30       	cpi	r18, 0x02	; 2
    150c:	31 05       	cpc	r19, r1
    150e:	81 f0       	breq	.+32     	; 0x1530 <MDIO_u8ReadPort+0x62>
    1510:	8b 81       	ldd	r24, Y+3	; 0x03
    1512:	9c 81       	ldd	r25, Y+4	; 0x04
    1514:	83 30       	cpi	r24, 0x03	; 3
    1516:	91 05       	cpc	r25, r1
    1518:	81 f0       	breq	.+32     	; 0x153a <MDIO_u8ReadPort+0x6c>
    151a:	13 c0       	rjmp	.+38     	; 0x1542 <MDIO_u8ReadPort+0x74>
	{
	case DIO_PORTA: L_u8ReadPort = PINA; break;
    151c:	e9 e3       	ldi	r30, 0x39	; 57
    151e:	f0 e0       	ldi	r31, 0x00	; 0
    1520:	80 81       	ld	r24, Z
    1522:	89 83       	std	Y+1, r24	; 0x01
    1524:	0e c0       	rjmp	.+28     	; 0x1542 <MDIO_u8ReadPort+0x74>
	case DIO_PORTB: L_u8ReadPort = PINB; break;
    1526:	e6 e3       	ldi	r30, 0x36	; 54
    1528:	f0 e0       	ldi	r31, 0x00	; 0
    152a:	80 81       	ld	r24, Z
    152c:	89 83       	std	Y+1, r24	; 0x01
    152e:	09 c0       	rjmp	.+18     	; 0x1542 <MDIO_u8ReadPort+0x74>
	case DIO_PORTC: L_u8ReadPort = PINC; break;
    1530:	e3 e3       	ldi	r30, 0x33	; 51
    1532:	f0 e0       	ldi	r31, 0x00	; 0
    1534:	80 81       	ld	r24, Z
    1536:	89 83       	std	Y+1, r24	; 0x01
    1538:	04 c0       	rjmp	.+8      	; 0x1542 <MDIO_u8ReadPort+0x74>
	case DIO_PORTD: L_u8ReadPort = PIND; break;
    153a:	e0 e3       	ldi	r30, 0x30	; 48
    153c:	f0 e0       	ldi	r31, 0x00	; 0
    153e:	80 81       	ld	r24, Z
    1540:	89 83       	std	Y+1, r24	; 0x01
	}
	return L_u8ReadPort;
    1542:	89 81       	ldd	r24, Y+1	; 0x01
}
    1544:	0f 90       	pop	r0
    1546:	0f 90       	pop	r0
    1548:	0f 90       	pop	r0
    154a:	0f 90       	pop	r0
    154c:	cf 91       	pop	r28
    154e:	df 91       	pop	r29
    1550:	08 95       	ret

00001552 <MADC_voidInit>:
#include "ADC_interface.h"
#include "ADC_private.h"
#include "ADC_config.h"

void MADC_voidInit(void)
{
    1552:	df 93       	push	r29
    1554:	cf 93       	push	r28
    1556:	cd b7       	in	r28, 0x3d	; 61
    1558:	de b7       	in	r29, 0x3e	; 62
#if ADC_VREF_MODE == ADC_VREF_AVCC
	SET_BIT(ADMUX, 6);
    155a:	a7 e2       	ldi	r26, 0x27	; 39
    155c:	b0 e0       	ldi	r27, 0x00	; 0
    155e:	e7 e2       	ldi	r30, 0x27	; 39
    1560:	f0 e0       	ldi	r31, 0x00	; 0
    1562:	80 81       	ld	r24, Z
    1564:	80 64       	ori	r24, 0x40	; 64
    1566:	8c 93       	st	X, r24
	CLR_BIT(ADMUX, 7);
    1568:	a7 e2       	ldi	r26, 0x27	; 39
    156a:	b0 e0       	ldi	r27, 0x00	; 0
    156c:	e7 e2       	ldi	r30, 0x27	; 39
    156e:	f0 e0       	ldi	r31, 0x00	; 0
    1570:	80 81       	ld	r24, Z
    1572:	8f 77       	andi	r24, 0x7F	; 127
    1574:	8c 93       	st	X, r24
#elif ADC_VREF_MODE == ADC_VREF_INTERNAL_2_56
	SET_BIT(ADMUX, 6);
	SET_BIT(ADMUX, 7);
#endif

	CLR_BIT(ADMUX, 5);
    1576:	a7 e2       	ldi	r26, 0x27	; 39
    1578:	b0 e0       	ldi	r27, 0x00	; 0
    157a:	e7 e2       	ldi	r30, 0x27	; 39
    157c:	f0 e0       	ldi	r31, 0x00	; 0
    157e:	80 81       	ld	r24, Z
    1580:	8f 7d       	andi	r24, 0xDF	; 223
    1582:	8c 93       	st	X, r24

	ADCSRA = (ADCSRA & 0xF8) | (ADC_PRESCALER_MODE & 0x07);
    1584:	a6 e2       	ldi	r26, 0x26	; 38
    1586:	b0 e0       	ldi	r27, 0x00	; 0
    1588:	e6 e2       	ldi	r30, 0x26	; 38
    158a:	f0 e0       	ldi	r31, 0x00	; 0
    158c:	80 81       	ld	r24, Z
    158e:	88 7f       	andi	r24, 0xF8	; 248
    1590:	86 60       	ori	r24, 0x06	; 6
    1592:	8c 93       	st	X, r24

	SET_BIT(ADCSRA, 7);
    1594:	a6 e2       	ldi	r26, 0x26	; 38
    1596:	b0 e0       	ldi	r27, 0x00	; 0
    1598:	e6 e2       	ldi	r30, 0x26	; 38
    159a:	f0 e0       	ldi	r31, 0x00	; 0
    159c:	80 81       	ld	r24, Z
    159e:	80 68       	ori	r24, 0x80	; 128
    15a0:	8c 93       	st	X, r24
}
    15a2:	cf 91       	pop	r28
    15a4:	df 91       	pop	r29
    15a6:	08 95       	ret

000015a8 <MADC_u16ReadChannel>:

u16 MADC_u16ReadChannel(u8 A_u8ChannelNum)
{
    15a8:	df 93       	push	r29
    15aa:	cf 93       	push	r28
    15ac:	0f 92       	push	r0
    15ae:	cd b7       	in	r28, 0x3d	; 61
    15b0:	de b7       	in	r29, 0x3e	; 62
    15b2:	89 83       	std	Y+1, r24	; 0x01
	ADMUX = (ADMUX & 0xE0) | (A_u8ChannelNum & 0x1F);
    15b4:	a7 e2       	ldi	r26, 0x27	; 39
    15b6:	b0 e0       	ldi	r27, 0x00	; 0
    15b8:	e7 e2       	ldi	r30, 0x27	; 39
    15ba:	f0 e0       	ldi	r31, 0x00	; 0
    15bc:	80 81       	ld	r24, Z
    15be:	98 2f       	mov	r25, r24
    15c0:	90 7e       	andi	r25, 0xE0	; 224
    15c2:	89 81       	ldd	r24, Y+1	; 0x01
    15c4:	8f 71       	andi	r24, 0x1F	; 31
    15c6:	89 2b       	or	r24, r25
    15c8:	8c 93       	st	X, r24

	SET_BIT(ADCSRA, 6);
    15ca:	a6 e2       	ldi	r26, 0x26	; 38
    15cc:	b0 e0       	ldi	r27, 0x00	; 0
    15ce:	e6 e2       	ldi	r30, 0x26	; 38
    15d0:	f0 e0       	ldi	r31, 0x00	; 0
    15d2:	80 81       	ld	r24, Z
    15d4:	80 64       	ori	r24, 0x40	; 64
    15d6:	8c 93       	st	X, r24

	while (READ_BIT(ADCSRA, 4) == 0);
    15d8:	e6 e2       	ldi	r30, 0x26	; 38
    15da:	f0 e0       	ldi	r31, 0x00	; 0
    15dc:	80 81       	ld	r24, Z
    15de:	82 95       	swap	r24
    15e0:	8f 70       	andi	r24, 0x0F	; 15
    15e2:	88 2f       	mov	r24, r24
    15e4:	90 e0       	ldi	r25, 0x00	; 0
    15e6:	81 70       	andi	r24, 0x01	; 1
    15e8:	90 70       	andi	r25, 0x00	; 0
    15ea:	00 97       	sbiw	r24, 0x00	; 0
    15ec:	a9 f3       	breq	.-22     	; 0x15d8 <MADC_u16ReadChannel+0x30>

	SET_BIT(ADCSRA, 4);
    15ee:	a6 e2       	ldi	r26, 0x26	; 38
    15f0:	b0 e0       	ldi	r27, 0x00	; 0
    15f2:	e6 e2       	ldi	r30, 0x26	; 38
    15f4:	f0 e0       	ldi	r31, 0x00	; 0
    15f6:	80 81       	ld	r24, Z
    15f8:	80 61       	ori	r24, 0x10	; 16
    15fa:	8c 93       	st	X, r24

	return ADC_DATA;
    15fc:	e4 e2       	ldi	r30, 0x24	; 36
    15fe:	f0 e0       	ldi	r31, 0x00	; 0
    1600:	80 81       	ld	r24, Z
    1602:	91 81       	ldd	r25, Z+1	; 0x01
}
    1604:	0f 90       	pop	r0
    1606:	cf 91       	pop	r28
    1608:	df 91       	pop	r29
    160a:	08 95       	ret

0000160c <HMOTOR_voidInit>:

#include "Motor_interface.h"
#include "Motor_config.h"

void HMOTOR_voidInit(void)
{
    160c:	df 93       	push	r29
    160e:	cf 93       	push	r28
    1610:	cd b7       	in	r28, 0x3d	; 61
    1612:	de b7       	in	r29, 0x3e	; 62
    MDIO_voidInitPin(MOTOR_PORT, MOTOR_PIN_IN1, DIO_OUTPUT);
    1614:	82 e0       	ldi	r24, 0x02	; 2
    1616:	60 e0       	ldi	r22, 0x00	; 0
    1618:	41 e0       	ldi	r20, 0x01	; 1
    161a:	0e 94 dd 06 	call	0xdba	; 0xdba <MDIO_voidInitPin>
    MDIO_voidInitPin(MOTOR_PORT, MOTOR_PIN_IN2, DIO_OUTPUT);
    161e:	82 e0       	ldi	r24, 0x02	; 2
    1620:	61 e0       	ldi	r22, 0x01	; 1
    1622:	41 e0       	ldi	r20, 0x01	; 1
    1624:	0e 94 dd 06 	call	0xdba	; 0xdba <MDIO_voidInitPin>
    MTIMER0_voidInitFastPWM();
    1628:	0e 94 48 06 	call	0xc90	; 0xc90 <MTIMER0_voidInitFastPWM>
}
    162c:	cf 91       	pop	r28
    162e:	df 91       	pop	r29
    1630:	08 95       	ret

00001632 <HMOTOR_voidSetDirection>:

void HMOTOR_voidSetDirection(u8 A_u8Direction)
{
    1632:	df 93       	push	r29
    1634:	cf 93       	push	r28
    1636:	00 d0       	rcall	.+0      	; 0x1638 <HMOTOR_voidSetDirection+0x6>
    1638:	0f 92       	push	r0
    163a:	cd b7       	in	r28, 0x3d	; 61
    163c:	de b7       	in	r29, 0x3e	; 62
    163e:	89 83       	std	Y+1, r24	; 0x01
    switch (A_u8Direction)
    1640:	89 81       	ldd	r24, Y+1	; 0x01
    1642:	28 2f       	mov	r18, r24
    1644:	30 e0       	ldi	r19, 0x00	; 0
    1646:	3b 83       	std	Y+3, r19	; 0x03
    1648:	2a 83       	std	Y+2, r18	; 0x02
    164a:	8a 81       	ldd	r24, Y+2	; 0x02
    164c:	9b 81       	ldd	r25, Y+3	; 0x03
    164e:	81 30       	cpi	r24, 0x01	; 1
    1650:	91 05       	cpc	r25, r1
    1652:	31 f0       	breq	.+12     	; 0x1660 <HMOTOR_voidSetDirection+0x2e>
    1654:	2a 81       	ldd	r18, Y+2	; 0x02
    1656:	3b 81       	ldd	r19, Y+3	; 0x03
    1658:	22 30       	cpi	r18, 0x02	; 2
    165a:	31 05       	cpc	r19, r1
    165c:	61 f0       	breq	.+24     	; 0x1676 <HMOTOR_voidSetDirection+0x44>
    165e:	16 c0       	rjmp	.+44     	; 0x168c <HMOTOR_voidSetDirection+0x5a>
    {
    case MOTOR_CW:
        MDIO_voidSetPinValue(MOTOR_PORT, MOTOR_PIN_IN1, DIO_HIGH);
    1660:	82 e0       	ldi	r24, 0x02	; 2
    1662:	60 e0       	ldi	r22, 0x00	; 0
    1664:	41 e0       	ldi	r20, 0x01	; 1
    1666:	0e 94 c0 07 	call	0xf80	; 0xf80 <MDIO_voidSetPinValue>
        MDIO_voidSetPinValue(MOTOR_PORT, MOTOR_PIN_IN2, DIO_LOW);
    166a:	82 e0       	ldi	r24, 0x02	; 2
    166c:	61 e0       	ldi	r22, 0x01	; 1
    166e:	40 e0       	ldi	r20, 0x00	; 0
    1670:	0e 94 c0 07 	call	0xf80	; 0xf80 <MDIO_voidSetPinValue>
    1674:	15 c0       	rjmp	.+42     	; 0x16a0 <HMOTOR_voidSetDirection+0x6e>
        break;
    case MOTOR_CCW:
        MDIO_voidSetPinValue(MOTOR_PORT, MOTOR_PIN_IN1, DIO_LOW);
    1676:	82 e0       	ldi	r24, 0x02	; 2
    1678:	60 e0       	ldi	r22, 0x00	; 0
    167a:	40 e0       	ldi	r20, 0x00	; 0
    167c:	0e 94 c0 07 	call	0xf80	; 0xf80 <MDIO_voidSetPinValue>
        MDIO_voidSetPinValue(MOTOR_PORT, MOTOR_PIN_IN2, DIO_HIGH);
    1680:	82 e0       	ldi	r24, 0x02	; 2
    1682:	61 e0       	ldi	r22, 0x01	; 1
    1684:	41 e0       	ldi	r20, 0x01	; 1
    1686:	0e 94 c0 07 	call	0xf80	; 0xf80 <MDIO_voidSetPinValue>
    168a:	0a c0       	rjmp	.+20     	; 0x16a0 <HMOTOR_voidSetDirection+0x6e>
        break;
    case MOTOR_STOP:
    default:
        MDIO_voidSetPinValue(MOTOR_PORT, MOTOR_PIN_IN1, DIO_LOW);
    168c:	82 e0       	ldi	r24, 0x02	; 2
    168e:	60 e0       	ldi	r22, 0x00	; 0
    1690:	40 e0       	ldi	r20, 0x00	; 0
    1692:	0e 94 c0 07 	call	0xf80	; 0xf80 <MDIO_voidSetPinValue>
        MDIO_voidSetPinValue(MOTOR_PORT, MOTOR_PIN_IN2, DIO_LOW);
    1696:	82 e0       	ldi	r24, 0x02	; 2
    1698:	61 e0       	ldi	r22, 0x01	; 1
    169a:	40 e0       	ldi	r20, 0x00	; 0
    169c:	0e 94 c0 07 	call	0xf80	; 0xf80 <MDIO_voidSetPinValue>
        break;
    }
}
    16a0:	0f 90       	pop	r0
    16a2:	0f 90       	pop	r0
    16a4:	0f 90       	pop	r0
    16a6:	cf 91       	pop	r28
    16a8:	df 91       	pop	r29
    16aa:	08 95       	ret

000016ac <HMOTOR_voidSetSpeed>:

void HMOTOR_voidSetSpeed(u8 A_u8Speed)
{
    16ac:	df 93       	push	r29
    16ae:	cf 93       	push	r28
    16b0:	0f 92       	push	r0
    16b2:	cd b7       	in	r28, 0x3d	; 61
    16b4:	de b7       	in	r29, 0x3e	; 62
    16b6:	89 83       	std	Y+1, r24	; 0x01
    MTIMER0_voidSetDutyCycle(A_u8Speed);
    16b8:	89 81       	ldd	r24, Y+1	; 0x01
    16ba:	0e 94 85 06 	call	0xd0a	; 0xd0a <MTIMER0_voidSetDutyCycle>
}
    16be:	0f 90       	pop	r0
    16c0:	cf 91       	pop	r28
    16c2:	df 91       	pop	r29
    16c4:	08 95       	ret

000016c6 <HLM35_voidInit>:

#include "LM35_interface.h"
#include "LM35_config.h"

void HLM35_voidInit(void)
{
    16c6:	df 93       	push	r29
    16c8:	cf 93       	push	r28
    16ca:	cd b7       	in	r28, 0x3d	; 61
    16cc:	de b7       	in	r29, 0x3e	; 62
	MADC_voidInit();
    16ce:	0e 94 a9 0a 	call	0x1552	; 0x1552 <MADC_voidInit>
}
    16d2:	cf 91       	pop	r28
    16d4:	df 91       	pop	r29
    16d6:	08 95       	ret

000016d8 <HLM35_u8GetTemp>:

u8 HLM35_u8GetTemp(void)
{
    16d8:	df 93       	push	r29
    16da:	cf 93       	push	r28
    16dc:	00 d0       	rcall	.+0      	; 0x16de <HLM35_u8GetTemp+0x6>
    16de:	cd b7       	in	r28, 0x3d	; 61
    16e0:	de b7       	in	r29, 0x3e	; 62
    u16 L_u16AdcVal = MADC_u16ReadChannel(LM35_ADC_CHANNEL);
    16e2:	80 e0       	ldi	r24, 0x00	; 0
    16e4:	0e 94 d4 0a 	call	0x15a8	; 0x15a8 <MADC_u16ReadChannel>
    16e8:	9a 83       	std	Y+2, r25	; 0x02
    16ea:	89 83       	std	Y+1, r24	; 0x01
    return (u8)((((u32)L_u16AdcVal * 500UL) + 512UL) / 1024UL);
    16ec:	89 81       	ldd	r24, Y+1	; 0x01
    16ee:	9a 81       	ldd	r25, Y+2	; 0x02
    16f0:	cc 01       	movw	r24, r24
    16f2:	a0 e0       	ldi	r26, 0x00	; 0
    16f4:	b0 e0       	ldi	r27, 0x00	; 0
    16f6:	24 ef       	ldi	r18, 0xF4	; 244
    16f8:	31 e0       	ldi	r19, 0x01	; 1
    16fa:	40 e0       	ldi	r20, 0x00	; 0
    16fc:	50 e0       	ldi	r21, 0x00	; 0
    16fe:	bc 01       	movw	r22, r24
    1700:	cd 01       	movw	r24, r26
    1702:	0e 94 8f 12 	call	0x251e	; 0x251e <__mulsi3>
    1706:	dc 01       	movw	r26, r24
    1708:	cb 01       	movw	r24, r22
    170a:	80 50       	subi	r24, 0x00	; 0
    170c:	9e 4f       	sbci	r25, 0xFE	; 254
    170e:	af 4f       	sbci	r26, 0xFF	; 255
    1710:	bf 4f       	sbci	r27, 0xFF	; 255
    1712:	07 2e       	mov	r0, r23
    1714:	7a e0       	ldi	r23, 0x0A	; 10
    1716:	b6 95       	lsr	r27
    1718:	a7 95       	ror	r26
    171a:	97 95       	ror	r25
    171c:	87 95       	ror	r24
    171e:	7a 95       	dec	r23
    1720:	d1 f7       	brne	.-12     	; 0x1716 <HLM35_u8GetTemp+0x3e>
    1722:	70 2d       	mov	r23, r0
}
    1724:	0f 90       	pop	r0
    1726:	0f 90       	pop	r0
    1728:	cf 91       	pop	r28
    172a:	df 91       	pop	r29
    172c:	08 95       	ret

0000172e <HLCD_voidSendNibble>:
#include "LCD_config.h"

#include <util/delay.h>

static void HLCD_voidSendNibble(u8 A_u8Nibble)
{
    172e:	df 93       	push	r29
    1730:	cf 93       	push	r28
    1732:	cd b7       	in	r28, 0x3d	; 61
    1734:	de b7       	in	r29, 0x3e	; 62
    1736:	6d 97       	sbiw	r28, 0x1d	; 29
    1738:	0f b6       	in	r0, 0x3f	; 63
    173a:	f8 94       	cli
    173c:	de bf       	out	0x3e, r29	; 62
    173e:	0f be       	out	0x3f, r0	; 63
    1740:	cd bf       	out	0x3d, r28	; 61
    1742:	8d 8f       	std	Y+29, r24	; 0x1d
	MDIO_voidSetPinValue(LCD_DATA_PORT, LCD_D4_PIN, READ_BIT(A_u8Nibble, 0));
    1744:	8d 8d       	ldd	r24, Y+29	; 0x1d
    1746:	98 2f       	mov	r25, r24
    1748:	91 70       	andi	r25, 0x01	; 1
    174a:	83 e0       	ldi	r24, 0x03	; 3
    174c:	64 e0       	ldi	r22, 0x04	; 4
    174e:	49 2f       	mov	r20, r25
    1750:	0e 94 c0 07 	call	0xf80	; 0xf80 <MDIO_voidSetPinValue>
	MDIO_voidSetPinValue(LCD_DATA_PORT, LCD_D5_PIN, READ_BIT(A_u8Nibble, 1));
    1754:	8d 8d       	ldd	r24, Y+29	; 0x1d
    1756:	86 95       	lsr	r24
    1758:	98 2f       	mov	r25, r24
    175a:	91 70       	andi	r25, 0x01	; 1
    175c:	83 e0       	ldi	r24, 0x03	; 3
    175e:	65 e0       	ldi	r22, 0x05	; 5
    1760:	49 2f       	mov	r20, r25
    1762:	0e 94 c0 07 	call	0xf80	; 0xf80 <MDIO_voidSetPinValue>
	MDIO_voidSetPinValue(LCD_DATA_PORT, LCD_D6_PIN, READ_BIT(A_u8Nibble, 2));
    1766:	8d 8d       	ldd	r24, Y+29	; 0x1d
    1768:	86 95       	lsr	r24
    176a:	86 95       	lsr	r24
    176c:	98 2f       	mov	r25, r24
    176e:	91 70       	andi	r25, 0x01	; 1
    1770:	83 e0       	ldi	r24, 0x03	; 3
    1772:	66 e0       	ldi	r22, 0x06	; 6
    1774:	49 2f       	mov	r20, r25
    1776:	0e 94 c0 07 	call	0xf80	; 0xf80 <MDIO_voidSetPinValue>
	MDIO_voidSetPinValue(LCD_DATA_PORT, LCD_D7_PIN, READ_BIT(A_u8Nibble, 3));
    177a:	8d 8d       	ldd	r24, Y+29	; 0x1d
    177c:	86 95       	lsr	r24
    177e:	86 95       	lsr	r24
    1780:	86 95       	lsr	r24
    1782:	98 2f       	mov	r25, r24
    1784:	91 70       	andi	r25, 0x01	; 1
    1786:	83 e0       	ldi	r24, 0x03	; 3
    1788:	67 e0       	ldi	r22, 0x07	; 7
    178a:	49 2f       	mov	r20, r25
    178c:	0e 94 c0 07 	call	0xf80	; 0xf80 <MDIO_voidSetPinValue>

	MDIO_voidSetPinValue(LCD_CTRL_PORT, LCD_E_PIN, DIO_HIGH);
    1790:	83 e0       	ldi	r24, 0x03	; 3
    1792:	63 e0       	ldi	r22, 0x03	; 3
    1794:	41 e0       	ldi	r20, 0x01	; 1
    1796:	0e 94 c0 07 	call	0xf80	; 0xf80 <MDIO_voidSetPinValue>
    179a:	80 e0       	ldi	r24, 0x00	; 0
    179c:	90 e0       	ldi	r25, 0x00	; 0
    179e:	a0 e0       	ldi	r26, 0x00	; 0
    17a0:	b0 e4       	ldi	r27, 0x40	; 64
    17a2:	89 8f       	std	Y+25, r24	; 0x19
    17a4:	9a 8f       	std	Y+26, r25	; 0x1a
    17a6:	ab 8f       	std	Y+27, r26	; 0x1b
    17a8:	bc 8f       	std	Y+28, r27	; 0x1c
 */
void
_delay_ms(double __ms)
{
	uint16_t __ticks;
	double __tmp = ((F_CPU) / 4e3) * __ms;
    17aa:	69 8d       	ldd	r22, Y+25	; 0x19
    17ac:	7a 8d       	ldd	r23, Y+26	; 0x1a
    17ae:	8b 8d       	ldd	r24, Y+27	; 0x1b
    17b0:	9c 8d       	ldd	r25, Y+28	; 0x1c
    17b2:	20 e0       	ldi	r18, 0x00	; 0
    17b4:	30 e0       	ldi	r19, 0x00	; 0
    17b6:	4a ef       	ldi	r20, 0xFA	; 250
    17b8:	54 e4       	ldi	r21, 0x44	; 68
    17ba:	0e 94 17 02 	call	0x42e	; 0x42e <__mulsf3>
    17be:	dc 01       	movw	r26, r24
    17c0:	cb 01       	movw	r24, r22
    17c2:	8d 8b       	std	Y+21, r24	; 0x15
    17c4:	9e 8b       	std	Y+22, r25	; 0x16
    17c6:	af 8b       	std	Y+23, r26	; 0x17
    17c8:	b8 8f       	std	Y+24, r27	; 0x18
	if (__tmp < 1.0)
    17ca:	6d 89       	ldd	r22, Y+21	; 0x15
    17cc:	7e 89       	ldd	r23, Y+22	; 0x16
    17ce:	8f 89       	ldd	r24, Y+23	; 0x17
    17d0:	98 8d       	ldd	r25, Y+24	; 0x18
    17d2:	20 e0       	ldi	r18, 0x00	; 0
    17d4:	30 e0       	ldi	r19, 0x00	; 0
    17d6:	40 e8       	ldi	r20, 0x80	; 128
    17d8:	5f e3       	ldi	r21, 0x3F	; 63
    17da:	0e 94 71 03 	call	0x6e2	; 0x6e2 <__ltsf2>
    17de:	88 23       	and	r24, r24
    17e0:	2c f4       	brge	.+10     	; 0x17ec <HLCD_voidSendNibble+0xbe>
		__ticks = 1;
    17e2:	81 e0       	ldi	r24, 0x01	; 1
    17e4:	90 e0       	ldi	r25, 0x00	; 0
    17e6:	9c 8b       	std	Y+20, r25	; 0x14
    17e8:	8b 8b       	std	Y+19, r24	; 0x13
    17ea:	3f c0       	rjmp	.+126    	; 0x186a <HLCD_voidSendNibble+0x13c>
	else if (__tmp > 65535)
    17ec:	6d 89       	ldd	r22, Y+21	; 0x15
    17ee:	7e 89       	ldd	r23, Y+22	; 0x16
    17f0:	8f 89       	ldd	r24, Y+23	; 0x17
    17f2:	98 8d       	ldd	r25, Y+24	; 0x18
    17f4:	20 e0       	ldi	r18, 0x00	; 0
    17f6:	3f ef       	ldi	r19, 0xFF	; 255
    17f8:	4f e7       	ldi	r20, 0x7F	; 127
    17fa:	57 e4       	ldi	r21, 0x47	; 71
    17fc:	0e 94 11 03 	call	0x622	; 0x622 <__gtsf2>
    1800:	18 16       	cp	r1, r24
    1802:	4c f5       	brge	.+82     	; 0x1856 <HLCD_voidSendNibble+0x128>
	{
		//	__ticks = requested delay in 1/10 ms
		__ticks = (uint16_t) (__ms * 10.0);
    1804:	69 8d       	ldd	r22, Y+25	; 0x19
    1806:	7a 8d       	ldd	r23, Y+26	; 0x1a
    1808:	8b 8d       	ldd	r24, Y+27	; 0x1b
    180a:	9c 8d       	ldd	r25, Y+28	; 0x1c
    180c:	20 e0       	ldi	r18, 0x00	; 0
    180e:	30 e0       	ldi	r19, 0x00	; 0
    1810:	40 e2       	ldi	r20, 0x20	; 32
    1812:	51 e4       	ldi	r21, 0x41	; 65
    1814:	0e 94 17 02 	call	0x42e	; 0x42e <__mulsf3>
    1818:	dc 01       	movw	r26, r24
    181a:	cb 01       	movw	r24, r22
    181c:	bc 01       	movw	r22, r24
    181e:	cd 01       	movw	r24, r26
    1820:	0e 94 41 00 	call	0x82	; 0x82 <__fixunssfsi>
    1824:	dc 01       	movw	r26, r24
    1826:	cb 01       	movw	r24, r22
    1828:	9c 8b       	std	Y+20, r25	; 0x14
    182a:	8b 8b       	std	Y+19, r24	; 0x13
    182c:	0f c0       	rjmp	.+30     	; 0x184c <HLCD_voidSendNibble+0x11e>
    182e:	88 ec       	ldi	r24, 0xC8	; 200
    1830:	90 e0       	ldi	r25, 0x00	; 0
    1832:	9a 8b       	std	Y+18, r25	; 0x12
    1834:	89 8b       	std	Y+17, r24	; 0x11
    milliseconds can be achieved.
 */
void
_delay_loop_2(uint16_t __count)
{
	__asm__ volatile (
    1836:	89 89       	ldd	r24, Y+17	; 0x11
    1838:	9a 89       	ldd	r25, Y+18	; 0x12
    183a:	01 97       	sbiw	r24, 0x01	; 1
    183c:	f1 f7       	brne	.-4      	; 0x183a <HLCD_voidSendNibble+0x10c>
    183e:	9a 8b       	std	Y+18, r25	; 0x12
    1840:	89 8b       	std	Y+17, r24	; 0x11
		while(__ticks)
		{
			// wait 1/10 ms
			_delay_loop_2(((F_CPU) / 4e3) / 10);
			__ticks --;
    1842:	8b 89       	ldd	r24, Y+19	; 0x13
    1844:	9c 89       	ldd	r25, Y+20	; 0x14
    1846:	01 97       	sbiw	r24, 0x01	; 1
    1848:	9c 8b       	std	Y+20, r25	; 0x14
    184a:	8b 8b       	std	Y+19, r24	; 0x13
		__ticks = 1;
	else if (__tmp > 65535)
	{
		//	__ticks = requested delay in 1/10 ms
		__ticks = (uint16_t) (__ms * 10.0);
		while(__ticks)
    184c:	8b 89       	ldd	r24, Y+19	; 0x13
    184e:	9c 89       	ldd	r25, Y+20	; 0x14
    1850:	00 97       	sbiw	r24, 0x00	; 0
    1852:	69 f7       	brne	.-38     	; 0x182e <HLCD_voidSendNibble+0x100>
    1854:	14 c0       	rjmp	.+40     	; 0x187e <HLCD_voidSendNibble+0x150>
			__ticks --;
		}
		return;
	}
	else
		__ticks = (uint16_t)__tmp;
    1856:	6d 89       	ldd	r22, Y+21	; 0x15
    1858:	7e 89       	ldd	r23, Y+22	; 0x16
    185a:	8f 89       	ldd	r24, Y+23	; 0x17
    185c:	98 8d       	ldd	r25, Y+24	; 0x18
    185e:	0e 94 41 00 	call	0x82	; 0x82 <__fixunssfsi>
    1862:	dc 01       	movw	r26, r24
    1864:	cb 01       	movw	r24, r22
    1866:	9c 8b       	std	Y+20, r25	; 0x14
    1868:	8b 8b       	std	Y+19, r24	; 0x13
    186a:	8b 89       	ldd	r24, Y+19	; 0x13
    186c:	9c 89       	ldd	r25, Y+20	; 0x14
    186e:	98 8b       	std	Y+16, r25	; 0x10
    1870:	8f 87       	std	Y+15, r24	; 0x0f
    1872:	8f 85       	ldd	r24, Y+15	; 0x0f
    1874:	98 89       	ldd	r25, Y+16	; 0x10
    1876:	01 97       	sbiw	r24, 0x01	; 1
    1878:	f1 f7       	brne	.-4      	; 0x1876 <HLCD_voidSendNibble+0x148>
    187a:	98 8b       	std	Y+16, r25	; 0x10
    187c:	8f 87       	std	Y+15, r24	; 0x0f
	_delay_ms(2);
	MDIO_voidSetPinValue(LCD_CTRL_PORT, LCD_E_PIN, DIO_LOW);
    187e:	83 e0       	ldi	r24, 0x03	; 3
    1880:	63 e0       	ldi	r22, 0x03	; 3
    1882:	40 e0       	ldi	r20, 0x00	; 0
    1884:	0e 94 c0 07 	call	0xf80	; 0xf80 <MDIO_voidSetPinValue>
    1888:	80 e0       	ldi	r24, 0x00	; 0
    188a:	90 e0       	ldi	r25, 0x00	; 0
    188c:	a0 e0       	ldi	r26, 0x00	; 0
    188e:	b0 e4       	ldi	r27, 0x40	; 64
    1890:	8b 87       	std	Y+11, r24	; 0x0b
    1892:	9c 87       	std	Y+12, r25	; 0x0c
    1894:	ad 87       	std	Y+13, r26	; 0x0d
    1896:	be 87       	std	Y+14, r27	; 0x0e
 */
void
_delay_ms(double __ms)
{
	uint16_t __ticks;
	double __tmp = ((F_CPU) / 4e3) * __ms;
    1898:	6b 85       	ldd	r22, Y+11	; 0x0b
    189a:	7c 85       	ldd	r23, Y+12	; 0x0c
    189c:	8d 85       	ldd	r24, Y+13	; 0x0d
    189e:	9e 85       	ldd	r25, Y+14	; 0x0e
    18a0:	20 e0       	ldi	r18, 0x00	; 0
    18a2:	30 e0       	ldi	r19, 0x00	; 0
    18a4:	4a ef       	ldi	r20, 0xFA	; 250
    18a6:	54 e4       	ldi	r21, 0x44	; 68
    18a8:	0e 94 17 02 	call	0x42e	; 0x42e <__mulsf3>
    18ac:	dc 01       	movw	r26, r24
    18ae:	cb 01       	movw	r24, r22
    18b0:	8f 83       	std	Y+7, r24	; 0x07
    18b2:	98 87       	std	Y+8, r25	; 0x08
    18b4:	a9 87       	std	Y+9, r26	; 0x09
    18b6:	ba 87       	std	Y+10, r27	; 0x0a
	if (__tmp < 1.0)
    18b8:	6f 81       	ldd	r22, Y+7	; 0x07
    18ba:	78 85       	ldd	r23, Y+8	; 0x08
    18bc:	89 85       	ldd	r24, Y+9	; 0x09
    18be:	9a 85       	ldd	r25, Y+10	; 0x0a
    18c0:	20 e0       	ldi	r18, 0x00	; 0
    18c2:	30 e0       	ldi	r19, 0x00	; 0
    18c4:	40 e8       	ldi	r20, 0x80	; 128
    18c6:	5f e3       	ldi	r21, 0x3F	; 63
    18c8:	0e 94 71 03 	call	0x6e2	; 0x6e2 <__ltsf2>
    18cc:	88 23       	and	r24, r24
    18ce:	2c f4       	brge	.+10     	; 0x18da <HLCD_voidSendNibble+0x1ac>
		__ticks = 1;
    18d0:	81 e0       	ldi	r24, 0x01	; 1
    18d2:	90 e0       	ldi	r25, 0x00	; 0
    18d4:	9e 83       	std	Y+6, r25	; 0x06
    18d6:	8d 83       	std	Y+5, r24	; 0x05
    18d8:	3f c0       	rjmp	.+126    	; 0x1958 <HLCD_voidSendNibble+0x22a>
	else if (__tmp > 65535)
    18da:	6f 81       	ldd	r22, Y+7	; 0x07
    18dc:	78 85       	ldd	r23, Y+8	; 0x08
    18de:	89 85       	ldd	r24, Y+9	; 0x09
    18e0:	9a 85       	ldd	r25, Y+10	; 0x0a
    18e2:	20 e0       	ldi	r18, 0x00	; 0
    18e4:	3f ef       	ldi	r19, 0xFF	; 255
    18e6:	4f e7       	ldi	r20, 0x7F	; 127
    18e8:	57 e4       	ldi	r21, 0x47	; 71
    18ea:	0e 94 11 03 	call	0x622	; 0x622 <__gtsf2>
    18ee:	18 16       	cp	r1, r24
    18f0:	4c f5       	brge	.+82     	; 0x1944 <HLCD_voidSendNibble+0x216>
	{
		//	__ticks = requested delay in 1/10 ms
		__ticks = (uint16_t) (__ms * 10.0);
    18f2:	6b 85       	ldd	r22, Y+11	; 0x0b
    18f4:	7c 85       	ldd	r23, Y+12	; 0x0c
    18f6:	8d 85       	ldd	r24, Y+13	; 0x0d
    18f8:	9e 85       	ldd	r25, Y+14	; 0x0e
    18fa:	20 e0       	ldi	r18, 0x00	; 0
    18fc:	30 e0       	ldi	r19, 0x00	; 0
    18fe:	40 e2       	ldi	r20, 0x20	; 32
    1900:	51 e4       	ldi	r21, 0x41	; 65
    1902:	0e 94 17 02 	call	0x42e	; 0x42e <__mulsf3>
    1906:	dc 01       	movw	r26, r24
    1908:	cb 01       	movw	r24, r22
    190a:	bc 01       	movw	r22, r24
    190c:	cd 01       	movw	r24, r26
    190e:	0e 94 41 00 	call	0x82	; 0x82 <__fixunssfsi>
    1912:	dc 01       	movw	r26, r24
    1914:	cb 01       	movw	r24, r22
    1916:	9e 83       	std	Y+6, r25	; 0x06
    1918:	8d 83       	std	Y+5, r24	; 0x05
    191a:	0f c0       	rjmp	.+30     	; 0x193a <HLCD_voidSendNibble+0x20c>
    191c:	88 ec       	ldi	r24, 0xC8	; 200
    191e:	90 e0       	ldi	r25, 0x00	; 0
    1920:	9c 83       	std	Y+4, r25	; 0x04
    1922:	8b 83       	std	Y+3, r24	; 0x03
    1924:	8b 81       	ldd	r24, Y+3	; 0x03
    1926:	9c 81       	ldd	r25, Y+4	; 0x04
    1928:	01 97       	sbiw	r24, 0x01	; 1
    192a:	f1 f7       	brne	.-4      	; 0x1928 <HLCD_voidSendNibble+0x1fa>
    192c:	9c 83       	std	Y+4, r25	; 0x04
    192e:	8b 83       	std	Y+3, r24	; 0x03
		while(__ticks)
		{
			// wait 1/10 ms
			_delay_loop_2(((F_CPU) / 4e3) / 10);
			__ticks --;
    1930:	8d 81       	ldd	r24, Y+5	; 0x05
    1932:	9e 81       	ldd	r25, Y+6	; 0x06
    1934:	01 97       	sbiw	r24, 0x01	; 1
    1936:	9e 83       	std	Y+6, r25	; 0x06
    1938:	8d 83       	std	Y+5, r24	; 0x05
		__ticks = 1;
	else if (__tmp > 65535)
	{
		//	__ticks = requested delay in 1/10 ms
		__ticks = (uint16_t) (__ms * 10.0);
		while(__ticks)
    193a:	8d 81       	ldd	r24, Y+5	; 0x05
    193c:	9e 81       	ldd	r25, Y+6	; 0x06
    193e:	00 97       	sbiw	r24, 0x00	; 0
    1940:	69 f7       	brne	.-38     	; 0x191c <HLCD_voidSendNibble+0x1ee>
    1942:	14 c0       	rjmp	.+40     	; 0x196c <HLCD_voidSendNibble+0x23e>
			__ticks --;
		}
		return;
	}
	else
		__ticks = (uint16_t)__tmp;
    1944:	6f 81       	ldd	r22, Y+7	; 0x07
    1946:	78 85       	ldd	r23, Y+8	; 0x08
    1948:	89 85       	ldd	r24, Y+9	; 0x09
    194a:	9a 85       	ldd	r25, Y+10	; 0x0a
    194c:	0e 94 41 00 	call	0x82	; 0x82 <__fixunssfsi>
    1950:	dc 01       	movw	r26, r24
    1952:	cb 01       	movw	r24, r22
    1954:	9e 83       	std	Y+6, r25	; 0x06
    1956:	8d 83       	std	Y+5, r24	; 0x05
    1958:	8d 81       	ldd	r24, Y+5	; 0x05
    195a:	9e 81       	ldd	r25, Y+6	; 0x06
    195c:	9a 83       	std	Y+2, r25	; 0x02
    195e:	89 83       	std	Y+1, r24	; 0x01
    1960:	89 81       	ldd	r24, Y+1	; 0x01
    1962:	9a 81       	ldd	r25, Y+2	; 0x02
    1964:	01 97       	sbiw	r24, 0x01	; 1
    1966:	f1 f7       	brne	.-4      	; 0x1964 <HLCD_voidSendNibble+0x236>
    1968:	9a 83       	std	Y+2, r25	; 0x02
    196a:	89 83       	std	Y+1, r24	; 0x01
	_delay_ms(2);
}
    196c:	6d 96       	adiw	r28, 0x1d	; 29
    196e:	0f b6       	in	r0, 0x3f	; 63
    1970:	f8 94       	cli
    1972:	de bf       	out	0x3e, r29	; 62
    1974:	0f be       	out	0x3f, r0	; 63
    1976:	cd bf       	out	0x3d, r28	; 61
    1978:	cf 91       	pop	r28
    197a:	df 91       	pop	r29
    197c:	08 95       	ret

0000197e <HLCD_voidSendCommand>:

void HLCD_voidSendCommand(u8 A_u8Cmd)
{
    197e:	df 93       	push	r29
    1980:	cf 93       	push	r28
    1982:	0f 92       	push	r0
    1984:	cd b7       	in	r28, 0x3d	; 61
    1986:	de b7       	in	r29, 0x3e	; 62
    1988:	89 83       	std	Y+1, r24	; 0x01
	MDIO_voidSetPinValue(LCD_CTRL_PORT, LCD_RS_PIN, DIO_LOW);
    198a:	83 e0       	ldi	r24, 0x03	; 3
    198c:	62 e0       	ldi	r22, 0x02	; 2
    198e:	40 e0       	ldi	r20, 0x00	; 0
    1990:	0e 94 c0 07 	call	0xf80	; 0xf80 <MDIO_voidSetPinValue>
	HLCD_voidSendNibble(A_u8Cmd >> 4);
    1994:	89 81       	ldd	r24, Y+1	; 0x01
    1996:	82 95       	swap	r24
    1998:	8f 70       	andi	r24, 0x0F	; 15
    199a:	0e 94 97 0b 	call	0x172e	; 0x172e <HLCD_voidSendNibble>
	HLCD_voidSendNibble(A_u8Cmd & 0x0F);
    199e:	89 81       	ldd	r24, Y+1	; 0x01
    19a0:	8f 70       	andi	r24, 0x0F	; 15
    19a2:	0e 94 97 0b 	call	0x172e	; 0x172e <HLCD_voidSendNibble>
}
    19a6:	0f 90       	pop	r0
    19a8:	cf 91       	pop	r28
    19aa:	df 91       	pop	r29
    19ac:	08 95       	ret

000019ae <HLCD_voidSendData>:

void HLCD_voidSendData(u8 A_u8Data)
{
    19ae:	df 93       	push	r29
    19b0:	cf 93       	push	r28
    19b2:	0f 92       	push	r0
    19b4:	cd b7       	in	r28, 0x3d	; 61
    19b6:	de b7       	in	r29, 0x3e	; 62
    19b8:	89 83       	std	Y+1, r24	; 0x01
	MDIO_voidSetPinValue(LCD_CTRL_PORT, LCD_RS_PIN, DIO_HIGH);
    19ba:	83 e0       	ldi	r24, 0x03	; 3
    19bc:	62 e0       	ldi	r22, 0x02	; 2
    19be:	41 e0       	ldi	r20, 0x01	; 1
    19c0:	0e 94 c0 07 	call	0xf80	; 0xf80 <MDIO_voidSetPinValue>
	HLCD_voidSendNibble(A_u8Data >> 4);
    19c4:	89 81       	ldd	r24, Y+1	; 0x01
    19c6:	82 95       	swap	r24
    19c8:	8f 70       	andi	r24, 0x0F	; 15
    19ca:	0e 94 97 0b 	call	0x172e	; 0x172e <HLCD_voidSendNibble>
	HLCD_voidSendNibble(A_u8Data & 0x0F);
    19ce:	89 81       	ldd	r24, Y+1	; 0x01
    19d0:	8f 70       	andi	r24, 0x0F	; 15
    19d2:	0e 94 97 0b 	call	0x172e	; 0x172e <HLCD_voidSendNibble>
}
    19d6:	0f 90       	pop	r0
    19d8:	cf 91       	pop	r28
    19da:	df 91       	pop	r29
    19dc:	08 95       	ret

000019de <HLCD_voidInit>:

void HLCD_voidInit(void)
{
    19de:	df 93       	push	r29
    19e0:	cf 93       	push	r28
    19e2:	cd b7       	in	r28, 0x3d	; 61
    19e4:	de b7       	in	r29, 0x3e	; 62
    19e6:	aa 97       	sbiw	r28, 0x2a	; 42
    19e8:	0f b6       	in	r0, 0x3f	; 63
    19ea:	f8 94       	cli
    19ec:	de bf       	out	0x3e, r29	; 62
    19ee:	0f be       	out	0x3f, r0	; 63
    19f0:	cd bf       	out	0x3d, r28	; 61
	MDIO_voidInitPin(LCD_CTRL_PORT, LCD_RS_PIN, DIO_OUTPUT);
    19f2:	83 e0       	ldi	r24, 0x03	; 3
    19f4:	62 e0       	ldi	r22, 0x02	; 2
    19f6:	41 e0       	ldi	r20, 0x01	; 1
    19f8:	0e 94 dd 06 	call	0xdba	; 0xdba <MDIO_voidInitPin>
	MDIO_voidInitPin(LCD_CTRL_PORT, LCD_E_PIN, DIO_OUTPUT);
    19fc:	83 e0       	ldi	r24, 0x03	; 3
    19fe:	63 e0       	ldi	r22, 0x03	; 3
    1a00:	41 e0       	ldi	r20, 0x01	; 1
    1a02:	0e 94 dd 06 	call	0xdba	; 0xdba <MDIO_voidInitPin>

	MDIO_voidInitPin(LCD_DATA_PORT, LCD_D4_PIN, DIO_OUTPUT);
    1a06:	83 e0       	ldi	r24, 0x03	; 3
    1a08:	64 e0       	ldi	r22, 0x04	; 4
    1a0a:	41 e0       	ldi	r20, 0x01	; 1
    1a0c:	0e 94 dd 06 	call	0xdba	; 0xdba <MDIO_voidInitPin>
	MDIO_voidInitPin(LCD_DATA_PORT, LCD_D5_PIN, DIO_OUTPUT);
    1a10:	83 e0       	ldi	r24, 0x03	; 3
    1a12:	65 e0       	ldi	r22, 0x05	; 5
    1a14:	41 e0       	ldi	r20, 0x01	; 1
    1a16:	0e 94 dd 06 	call	0xdba	; 0xdba <MDIO_voidInitPin>
	MDIO_voidInitPin(LCD_DATA_PORT, LCD_D6_PIN, DIO_OUTPUT);
    1a1a:	83 e0       	ldi	r24, 0x03	; 3
    1a1c:	66 e0       	ldi	r22, 0x06	; 6
    1a1e:	41 e0       	ldi	r20, 0x01	; 1
    1a20:	0e 94 dd 06 	call	0xdba	; 0xdba <MDIO_voidInitPin>
	MDIO_voidInitPin(LCD_DATA_PORT, LCD_D7_PIN, DIO_OUTPUT);
    1a24:	83 e0       	ldi	r24, 0x03	; 3
    1a26:	67 e0       	ldi	r22, 0x07	; 7
    1a28:	41 e0       	ldi	r20, 0x01	; 1
    1a2a:	0e 94 dd 06 	call	0xdba	; 0xdba <MDIO_voidInitPin>
    1a2e:	80 e0       	ldi	r24, 0x00	; 0
    1a30:	90 e0       	ldi	r25, 0x00	; 0
    1a32:	a0 e2       	ldi	r26, 0x20	; 32
    1a34:	b2 e4       	ldi	r27, 0x42	; 66
    1a36:	8f a3       	std	Y+39, r24	; 0x27
    1a38:	98 a7       	std	Y+40, r25	; 0x28
    1a3a:	a9 a7       	std	Y+41, r26	; 0x29
    1a3c:	ba a7       	std	Y+42, r27	; 0x2a
 */
void
_delay_ms(double __ms)
{
	uint16_t __ticks;
	double __tmp = ((F_CPU) / 4e3) * __ms;
    1a3e:	6f a1       	ldd	r22, Y+39	; 0x27
    1a40:	78 a5       	ldd	r23, Y+40	; 0x28
    1a42:	89 a5       	ldd	r24, Y+41	; 0x29
    1a44:	9a a5       	ldd	r25, Y+42	; 0x2a
    1a46:	20 e0       	ldi	r18, 0x00	; 0
    1a48:	30 e0       	ldi	r19, 0x00	; 0
    1a4a:	4a ef       	ldi	r20, 0xFA	; 250
    1a4c:	54 e4       	ldi	r21, 0x44	; 68
    1a4e:	0e 94 17 02 	call	0x42e	; 0x42e <__mulsf3>
    1a52:	dc 01       	movw	r26, r24
    1a54:	cb 01       	movw	r24, r22
    1a56:	8b a3       	std	Y+35, r24	; 0x23
    1a58:	9c a3       	std	Y+36, r25	; 0x24
    1a5a:	ad a3       	std	Y+37, r26	; 0x25
    1a5c:	be a3       	std	Y+38, r27	; 0x26
	if (__tmp < 1.0)
    1a5e:	6b a1       	ldd	r22, Y+35	; 0x23
    1a60:	7c a1       	ldd	r23, Y+36	; 0x24
    1a62:	8d a1       	ldd	r24, Y+37	; 0x25
    1a64:	9e a1       	ldd	r25, Y+38	; 0x26
    1a66:	20 e0       	ldi	r18, 0x00	; 0
    1a68:	30 e0       	ldi	r19, 0x00	; 0
    1a6a:	40 e8       	ldi	r20, 0x80	; 128
    1a6c:	5f e3       	ldi	r21, 0x3F	; 63
    1a6e:	0e 94 71 03 	call	0x6e2	; 0x6e2 <__ltsf2>
    1a72:	88 23       	and	r24, r24
    1a74:	2c f4       	brge	.+10     	; 0x1a80 <HLCD_voidInit+0xa2>
		__ticks = 1;
    1a76:	81 e0       	ldi	r24, 0x01	; 1
    1a78:	90 e0       	ldi	r25, 0x00	; 0
    1a7a:	9a a3       	std	Y+34, r25	; 0x22
    1a7c:	89 a3       	std	Y+33, r24	; 0x21
    1a7e:	3f c0       	rjmp	.+126    	; 0x1afe <HLCD_voidInit+0x120>
	else if (__tmp > 65535)
    1a80:	6b a1       	ldd	r22, Y+35	; 0x23
    1a82:	7c a1       	ldd	r23, Y+36	; 0x24
    1a84:	8d a1       	ldd	r24, Y+37	; 0x25
    1a86:	9e a1       	ldd	r25, Y+38	; 0x26
    1a88:	20 e0       	ldi	r18, 0x00	; 0
    1a8a:	3f ef       	ldi	r19, 0xFF	; 255
    1a8c:	4f e7       	ldi	r20, 0x7F	; 127
    1a8e:	57 e4       	ldi	r21, 0x47	; 71
    1a90:	0e 94 11 03 	call	0x622	; 0x622 <__gtsf2>
    1a94:	18 16       	cp	r1, r24
    1a96:	4c f5       	brge	.+82     	; 0x1aea <HLCD_voidInit+0x10c>
	{
		//	__ticks = requested delay in 1/10 ms
		__ticks = (uint16_t) (__ms * 10.0);
    1a98:	6f a1       	ldd	r22, Y+39	; 0x27
    1a9a:	78 a5       	ldd	r23, Y+40	; 0x28
    1a9c:	89 a5       	ldd	r24, Y+41	; 0x29
    1a9e:	9a a5       	ldd	r25, Y+42	; 0x2a
    1aa0:	20 e0       	ldi	r18, 0x00	; 0
    1aa2:	30 e0       	ldi	r19, 0x00	; 0
    1aa4:	40 e2       	ldi	r20, 0x20	; 32
    1aa6:	51 e4       	ldi	r21, 0x41	; 65
    1aa8:	0e 94 17 02 	call	0x42e	; 0x42e <__mulsf3>
    1aac:	dc 01       	movw	r26, r24
    1aae:	cb 01       	movw	r24, r22
    1ab0:	bc 01       	movw	r22, r24
    1ab2:	cd 01       	movw	r24, r26
    1ab4:	0e 94 41 00 	call	0x82	; 0x82 <__fixunssfsi>
    1ab8:	dc 01       	movw	r26, r24
    1aba:	cb 01       	movw	r24, r22
    1abc:	9a a3       	std	Y+34, r25	; 0x22
    1abe:	89 a3       	std	Y+33, r24	; 0x21
    1ac0:	0f c0       	rjmp	.+30     	; 0x1ae0 <HLCD_voidInit+0x102>
    1ac2:	88 ec       	ldi	r24, 0xC8	; 200
    1ac4:	90 e0       	ldi	r25, 0x00	; 0
    1ac6:	98 a3       	std	Y+32, r25	; 0x20
    1ac8:	8f 8f       	std	Y+31, r24	; 0x1f
    1aca:	8f 8d       	ldd	r24, Y+31	; 0x1f
    1acc:	98 a1       	ldd	r25, Y+32	; 0x20
    1ace:	01 97       	sbiw	r24, 0x01	; 1
    1ad0:	f1 f7       	brne	.-4      	; 0x1ace <HLCD_voidInit+0xf0>
    1ad2:	98 a3       	std	Y+32, r25	; 0x20
    1ad4:	8f 8f       	std	Y+31, r24	; 0x1f
		while(__ticks)
		{
			// wait 1/10 ms
			_delay_loop_2(((F_CPU) / 4e3) / 10);
			__ticks --;
    1ad6:	89 a1       	ldd	r24, Y+33	; 0x21
    1ad8:	9a a1       	ldd	r25, Y+34	; 0x22
    1ada:	01 97       	sbiw	r24, 0x01	; 1
    1adc:	9a a3       	std	Y+34, r25	; 0x22
    1ade:	89 a3       	std	Y+33, r24	; 0x21
		__ticks = 1;
	else if (__tmp > 65535)
	{
		//	__ticks = requested delay in 1/10 ms
		__ticks = (uint16_t) (__ms * 10.0);
		while(__ticks)
    1ae0:	89 a1       	ldd	r24, Y+33	; 0x21
    1ae2:	9a a1       	ldd	r25, Y+34	; 0x22
    1ae4:	00 97       	sbiw	r24, 0x00	; 0
    1ae6:	69 f7       	brne	.-38     	; 0x1ac2 <HLCD_voidInit+0xe4>
    1ae8:	14 c0       	rjmp	.+40     	; 0x1b12 <HLCD_voidInit+0x134>
			__ticks --;
		}
		return;
	}
	else
		__ticks = (uint16_t)__tmp;
    1aea:	6b a1       	ldd	r22, Y+35	; 0x23
    1aec:	7c a1       	ldd	r23, Y+36	; 0x24
    1aee:	8d a1       	ldd	r24, Y+37	; 0x25
    1af0:	9e a1       	ldd	r25, Y+38	; 0x26
    1af2:	0e 94 41 00 	call	0x82	; 0x82 <__fixunssfsi>
    1af6:	dc 01       	movw	r26, r24
    1af8:	cb 01       	movw	r24, r22
    1afa:	9a a3       	std	Y+34, r25	; 0x22
    1afc:	89 a3       	std	Y+33, r24	; 0x21
    1afe:	89 a1       	ldd	r24, Y+33	; 0x21
    1b00:	9a a1       	ldd	r25, Y+34	; 0x22
    1b02:	9e 8f       	std	Y+30, r25	; 0x1e
    1b04:	8d 8f       	std	Y+29, r24	; 0x1d
    1b06:	8d 8d       	ldd	r24, Y+29	; 0x1d
    1b08:	9e 8d       	ldd	r25, Y+30	; 0x1e
    1b0a:	01 97       	sbiw	r24, 0x01	; 1
    1b0c:	f1 f7       	brne	.-4      	; 0x1b0a <HLCD_voidInit+0x12c>
    1b0e:	9e 8f       	std	Y+30, r25	; 0x1e
    1b10:	8d 8f       	std	Y+29, r24	; 0x1d

	_delay_ms(40);
	HLCD_voidSendNibble(0x02);
    1b12:	82 e0       	ldi	r24, 0x02	; 2
    1b14:	0e 94 97 0b 	call	0x172e	; 0x172e <HLCD_voidSendNibble>
	HLCD_voidSendCommand(0x28);
    1b18:	88 e2       	ldi	r24, 0x28	; 40
    1b1a:	0e 94 bf 0c 	call	0x197e	; 0x197e <HLCD_voidSendCommand>
    1b1e:	80 e0       	ldi	r24, 0x00	; 0
    1b20:	90 e0       	ldi	r25, 0x00	; 0
    1b22:	a0 e8       	ldi	r26, 0x80	; 128
    1b24:	bf e3       	ldi	r27, 0x3F	; 63
    1b26:	89 8f       	std	Y+25, r24	; 0x19
    1b28:	9a 8f       	std	Y+26, r25	; 0x1a
    1b2a:	ab 8f       	std	Y+27, r26	; 0x1b
    1b2c:	bc 8f       	std	Y+28, r27	; 0x1c
 */
void
_delay_ms(double __ms)
{
	uint16_t __ticks;
	double __tmp = ((F_CPU) / 4e3) * __ms;
    1b2e:	69 8d       	ldd	r22, Y+25	; 0x19
    1b30:	7a 8d       	ldd	r23, Y+26	; 0x1a
    1b32:	8b 8d       	ldd	r24, Y+27	; 0x1b
    1b34:	9c 8d       	ldd	r25, Y+28	; 0x1c
    1b36:	20 e0       	ldi	r18, 0x00	; 0
    1b38:	30 e0       	ldi	r19, 0x00	; 0
    1b3a:	4a ef       	ldi	r20, 0xFA	; 250
    1b3c:	54 e4       	ldi	r21, 0x44	; 68
    1b3e:	0e 94 17 02 	call	0x42e	; 0x42e <__mulsf3>
    1b42:	dc 01       	movw	r26, r24
    1b44:	cb 01       	movw	r24, r22
    1b46:	8d 8b       	std	Y+21, r24	; 0x15
    1b48:	9e 8b       	std	Y+22, r25	; 0x16
    1b4a:	af 8b       	std	Y+23, r26	; 0x17
    1b4c:	b8 8f       	std	Y+24, r27	; 0x18
	if (__tmp < 1.0)
    1b4e:	6d 89       	ldd	r22, Y+21	; 0x15
    1b50:	7e 89       	ldd	r23, Y+22	; 0x16
    1b52:	8f 89       	ldd	r24, Y+23	; 0x17
    1b54:	98 8d       	ldd	r25, Y+24	; 0x18
    1b56:	20 e0       	ldi	r18, 0x00	; 0
    1b58:	30 e0       	ldi	r19, 0x00	; 0
    1b5a:	40 e8       	ldi	r20, 0x80	; 128
    1b5c:	5f e3       	ldi	r21, 0x3F	; 63
    1b5e:	0e 94 71 03 	call	0x6e2	; 0x6e2 <__ltsf2>
    1b62:	88 23       	and	r24, r24
    1b64:	2c f4       	brge	.+10     	; 0x1b70 <HLCD_voidInit+0x192>
		__ticks = 1;
    1b66:	81 e0       	ldi	r24, 0x01	; 1
    1b68:	90 e0       	ldi	r25, 0x00	; 0
    1b6a:	9c 8b       	std	Y+20, r25	; 0x14
    1b6c:	8b 8b       	std	Y+19, r24	; 0x13
    1b6e:	3f c0       	rjmp	.+126    	; 0x1bee <HLCD_voidInit+0x210>
	else if (__tmp > 65535)
    1b70:	6d 89       	ldd	r22, Y+21	; 0x15
    1b72:	7e 89       	ldd	r23, Y+22	; 0x16
    1b74:	8f 89       	ldd	r24, Y+23	; 0x17
    1b76:	98 8d       	ldd	r25, Y+24	; 0x18
    1b78:	20 e0       	ldi	r18, 0x00	; 0
    1b7a:	3f ef       	ldi	r19, 0xFF	; 255
    1b7c:	4f e7       	ldi	r20, 0x7F	; 127
    1b7e:	57 e4       	ldi	r21, 0x47	; 71
    1b80:	0e 94 11 03 	call	0x622	; 0x622 <__gtsf2>
    1b84:	18 16       	cp	r1, r24
    1b86:	4c f5       	brge	.+82     	; 0x1bda <HLCD_voidInit+0x1fc>
	{
		//	__ticks = requested delay in 1/10 ms
		__ticks = (uint16_t) (__ms * 10.0);
    1b88:	69 8d       	ldd	r22, Y+25	; 0x19
    1b8a:	7a 8d       	ldd	r23, Y+26	; 0x1a
    1b8c:	8b 8d       	ldd	r24, Y+27	; 0x1b
    1b8e:	9c 8d       	ldd	r25, Y+28	; 0x1c
    1b90:	20 e0       	ldi	r18, 0x00	; 0
    1b92:	30 e0       	ldi	r19, 0x00	; 0
    1b94:	40 e2       	ldi	r20, 0x20	; 32
    1b96:	51 e4       	ldi	r21, 0x41	; 65
    1b98:	0e 94 17 02 	call	0x42e	; 0x42e <__mulsf3>
    1b9c:	dc 01       	movw	r26, r24
    1b9e:	cb 01       	movw	r24, r22
    1ba0:	bc 01       	movw	r22, r24
    1ba2:	cd 01       	movw	r24, r26
    1ba4:	0e 94 41 00 	call	0x82	; 0x82 <__fixunssfsi>
    1ba8:	dc 01       	movw	r26, r24
    1baa:	cb 01       	movw	r24, r22
    1bac:	9c 8b       	std	Y+20, r25	; 0x14
    1bae:	8b 8b       	std	Y+19, r24	; 0x13
    1bb0:	0f c0       	rjmp	.+30     	; 0x1bd0 <HLCD_voidInit+0x1f2>
    1bb2:	88 ec       	ldi	r24, 0xC8	; 200
    1bb4:	90 e0       	ldi	r25, 0x00	; 0
    1bb6:	9a 8b       	std	Y+18, r25	; 0x12
    1bb8:	89 8b       	std	Y+17, r24	; 0x11
    1bba:	89 89       	ldd	r24, Y+17	; 0x11
    1bbc:	9a 89       	ldd	r25, Y+18	; 0x12
    1bbe:	01 97       	sbiw	r24, 0x01	; 1
    1bc0:	f1 f7       	brne	.-4      	; 0x1bbe <HLCD_voidInit+0x1e0>
    1bc2:	9a 8b       	std	Y+18, r25	; 0x12
    1bc4:	89 8b       	std	Y+17, r24	; 0x11
		while(__ticks)
		{
			// wait 1/10 ms
			_delay_loop_2(((F_CPU) / 4e3) / 10);
			__ticks --;
    1bc6:	8b 89       	ldd	r24, Y+19	; 0x13
    1bc8:	9c 89       	ldd	r25, Y+20	; 0x14
    1bca:	01 97       	sbiw	r24, 0x01	; 1
    1bcc:	9c 8b       	std	Y+20, r25	; 0x14
    1bce:	8b 8b       	std	Y+19, r24	; 0x13
		__ticks = 1;
	else if (__tmp > 65535)
	{
		//	__ticks = requested delay in 1/10 ms
		__ticks = (uint16_t) (__ms * 10.0);
		while(__ticks)
    1bd0:	8b 89       	ldd	r24, Y+19	; 0x13
    1bd2:	9c 89       	ldd	r25, Y+20	; 0x14
    1bd4:	00 97       	sbiw	r24, 0x00	; 0
    1bd6:	69 f7       	brne	.-38     	; 0x1bb2 <HLCD_voidInit+0x1d4>
    1bd8:	14 c0       	rjmp	.+40     	; 0x1c02 <HLCD_voidInit+0x224>
			__ticks --;
		}
		return;
	}
	else
		__ticks = (uint16_t)__tmp;
    1bda:	6d 89       	ldd	r22, Y+21	; 0x15
    1bdc:	7e 89       	ldd	r23, Y+22	; 0x16
    1bde:	8f 89       	ldd	r24, Y+23	; 0x17
    1be0:	98 8d       	ldd	r25, Y+24	; 0x18
    1be2:	0e 94 41 00 	call	0x82	; 0x82 <__fixunssfsi>
    1be6:	dc 01       	movw	r26, r24
    1be8:	cb 01       	movw	r24, r22
    1bea:	9c 8b       	std	Y+20, r25	; 0x14
    1bec:	8b 8b       	std	Y+19, r24	; 0x13
    1bee:	8b 89       	ldd	r24, Y+19	; 0x13
    1bf0:	9c 89       	ldd	r25, Y+20	; 0x14
    1bf2:	98 8b       	std	Y+16, r25	; 0x10
    1bf4:	8f 87       	std	Y+15, r24	; 0x0f
    1bf6:	8f 85       	ldd	r24, Y+15	; 0x0f
    1bf8:	98 89       	ldd	r25, Y+16	; 0x10
    1bfa:	01 97       	sbiw	r24, 0x01	; 1
    1bfc:	f1 f7       	brne	.-4      	; 0x1bfa <HLCD_voidInit+0x21c>
    1bfe:	98 8b       	std	Y+16, r25	; 0x10
    1c00:	8f 87       	std	Y+15, r24	; 0x0f
	_delay_ms(1);
	HLCD_voidSendCommand(0x0C);
    1c02:	8c e0       	ldi	r24, 0x0C	; 12
    1c04:	0e 94 bf 0c 	call	0x197e	; 0x197e <HLCD_voidSendCommand>
    1c08:	80 e0       	ldi	r24, 0x00	; 0
    1c0a:	90 e0       	ldi	r25, 0x00	; 0
    1c0c:	a0 e8       	ldi	r26, 0x80	; 128
    1c0e:	bf e3       	ldi	r27, 0x3F	; 63
    1c10:	8b 87       	std	Y+11, r24	; 0x0b
    1c12:	9c 87       	std	Y+12, r25	; 0x0c
    1c14:	ad 87       	std	Y+13, r26	; 0x0d
    1c16:	be 87       	std	Y+14, r27	; 0x0e
 */
void
_delay_ms(double __ms)
{
	uint16_t __ticks;
	double __tmp = ((F_CPU) / 4e3) * __ms;
    1c18:	6b 85       	ldd	r22, Y+11	; 0x0b
    1c1a:	7c 85       	ldd	r23, Y+12	; 0x0c
    1c1c:	8d 85       	ldd	r24, Y+13	; 0x0d
    1c1e:	9e 85       	ldd	r25, Y+14	; 0x0e
    1c20:	20 e0       	ldi	r18, 0x00	; 0
    1c22:	30 e0       	ldi	r19, 0x00	; 0
    1c24:	4a ef       	ldi	r20, 0xFA	; 250
    1c26:	54 e4       	ldi	r21, 0x44	; 68
    1c28:	0e 94 17 02 	call	0x42e	; 0x42e <__mulsf3>
    1c2c:	dc 01       	movw	r26, r24
    1c2e:	cb 01       	movw	r24, r22
    1c30:	8f 83       	std	Y+7, r24	; 0x07
    1c32:	98 87       	std	Y+8, r25	; 0x08
    1c34:	a9 87       	std	Y+9, r26	; 0x09
    1c36:	ba 87       	std	Y+10, r27	; 0x0a
	if (__tmp < 1.0)
    1c38:	6f 81       	ldd	r22, Y+7	; 0x07
    1c3a:	78 85       	ldd	r23, Y+8	; 0x08
    1c3c:	89 85       	ldd	r24, Y+9	; 0x09
    1c3e:	9a 85       	ldd	r25, Y+10	; 0x0a
    1c40:	20 e0       	ldi	r18, 0x00	; 0
    1c42:	30 e0       	ldi	r19, 0x00	; 0
    1c44:	40 e8       	ldi	r20, 0x80	; 128
    1c46:	5f e3       	ldi	r21, 0x3F	; 63
    1c48:	0e 94 71 03 	call	0x6e2	; 0x6e2 <__ltsf2>
    1c4c:	88 23       	and	r24, r24
    1c4e:	2c f4       	brge	.+10     	; 0x1c5a <HLCD_voidInit+0x27c>
		__ticks = 1;
    1c50:	81 e0       	ldi	r24, 0x01	; 1
    1c52:	90 e0       	ldi	r25, 0x00	; 0
    1c54:	9e 83       	std	Y+6, r25	; 0x06
    1c56:	8d 83       	std	Y+5, r24	; 0x05
    1c58:	3f c0       	rjmp	.+126    	; 0x1cd8 <HLCD_voidInit+0x2fa>
	else if (__tmp > 65535)
    1c5a:	6f 81       	ldd	r22, Y+7	; 0x07
    1c5c:	78 85       	ldd	r23, Y+8	; 0x08
    1c5e:	89 85       	ldd	r24, Y+9	; 0x09
    1c60:	9a 85       	ldd	r25, Y+10	; 0x0a
    1c62:	20 e0       	ldi	r18, 0x00	; 0
    1c64:	3f ef       	ldi	r19, 0xFF	; 255
    1c66:	4f e7       	ldi	r20, 0x7F	; 127
    1c68:	57 e4       	ldi	r21, 0x47	; 71
    1c6a:	0e 94 11 03 	call	0x622	; 0x622 <__gtsf2>
    1c6e:	18 16       	cp	r1, r24
    1c70:	4c f5       	brge	.+82     	; 0x1cc4 <HLCD_voidInit+0x2e6>
	{
		//	__ticks = requested delay in 1/10 ms
		__ticks = (uint16_t) (__ms * 10.0);
    1c72:	6b 85       	ldd	r22, Y+11	; 0x0b
    1c74:	7c 85       	ldd	r23, Y+12	; 0x0c
    1c76:	8d 85       	ldd	r24, Y+13	; 0x0d
    1c78:	9e 85       	ldd	r25, Y+14	; 0x0e
    1c7a:	20 e0       	ldi	r18, 0x00	; 0
    1c7c:	30 e0       	ldi	r19, 0x00	; 0
    1c7e:	40 e2       	ldi	r20, 0x20	; 32
    1c80:	51 e4       	ldi	r21, 0x41	; 65
    1c82:	0e 94 17 02 	call	0x42e	; 0x42e <__mulsf3>
    1c86:	dc 01       	movw	r26, r24
    1c88:	cb 01       	movw	r24, r22
    1c8a:	bc 01       	movw	r22, r24
    1c8c:	cd 01       	movw	r24, r26
    1c8e:	0e 94 41 00 	call	0x82	; 0x82 <__fixunssfsi>
    1c92:	dc 01       	movw	r26, r24
    1c94:	cb 01       	movw	r24, r22
    1c96:	9e 83       	std	Y+6, r25	; 0x06
    1c98:	8d 83       	std	Y+5, r24	; 0x05
    1c9a:	0f c0       	rjmp	.+30     	; 0x1cba <HLCD_voidInit+0x2dc>
    1c9c:	88 ec       	ldi	r24, 0xC8	; 200
    1c9e:	90 e0       	ldi	r25, 0x00	; 0
    1ca0:	9c 83       	std	Y+4, r25	; 0x04
    1ca2:	8b 83       	std	Y+3, r24	; 0x03
    1ca4:	8b 81       	ldd	r24, Y+3	; 0x03
    1ca6:	9c 81       	ldd	r25, Y+4	; 0x04
    1ca8:	01 97       	sbiw	r24, 0x01	; 1
    1caa:	f1 f7       	brne	.-4      	; 0x1ca8 <HLCD_voidInit+0x2ca>
    1cac:	9c 83       	std	Y+4, r25	; 0x04
    1cae:	8b 83       	std	Y+3, r24	; 0x03
		while(__ticks)
		{
			// wait 1/10 ms
			_delay_loop_2(((F_CPU) / 4e3) / 10);
			__ticks --;
    1cb0:	8d 81       	ldd	r24, Y+5	; 0x05
    1cb2:	9e 81       	ldd	r25, Y+6	; 0x06
    1cb4:	01 97       	sbiw	r24, 0x01	; 1
    1cb6:	9e 83       	std	Y+6, r25	; 0x06
    1cb8:	8d 83       	std	Y+5, r24	; 0x05
		__ticks = 1;
	else if (__tmp > 65535)
	{
		//	__ticks = requested delay in 1/10 ms
		__ticks = (uint16_t) (__ms * 10.0);
		while(__ticks)
    1cba:	8d 81       	ldd	r24, Y+5	; 0x05
    1cbc:	9e 81       	ldd	r25, Y+6	; 0x06
    1cbe:	00 97       	sbiw	r24, 0x00	; 0
    1cc0:	69 f7       	brne	.-38     	; 0x1c9c <HLCD_voidInit+0x2be>
    1cc2:	14 c0       	rjmp	.+40     	; 0x1cec <HLCD_voidInit+0x30e>
			__ticks --;
		}
		return;
	}
	else
		__ticks = (uint16_t)__tmp;
    1cc4:	6f 81       	ldd	r22, Y+7	; 0x07
    1cc6:	78 85       	ldd	r23, Y+8	; 0x08
    1cc8:	89 85       	ldd	r24, Y+9	; 0x09
    1cca:	9a 85       	ldd	r25, Y+10	; 0x0a
    1ccc:	0e 94 41 00 	call	0x82	; 0x82 <__fixunssfsi>
    1cd0:	dc 01       	movw	r26, r24
    1cd2:	cb 01       	movw	r24, r22
    1cd4:	9e 83       	std	Y+6, r25	; 0x06
    1cd6:	8d 83       	std	Y+5, r24	; 0x05
    1cd8:	8d 81       	ldd	r24, Y+5	; 0x05
    1cda:	9e 81       	ldd	r25, Y+6	; 0x06
    1cdc:	9a 83       	std	Y+2, r25	; 0x02
    1cde:	89 83       	std	Y+1, r24	; 0x01
    1ce0:	89 81       	ldd	r24, Y+1	; 0x01
    1ce2:	9a 81       	ldd	r25, Y+2	; 0x02
    1ce4:	01 97       	sbiw	r24, 0x01	; 1
    1ce6:	f1 f7       	brne	.-4      	; 0x1ce4 <HLCD_voidInit+0x306>
    1ce8:	9a 83       	std	Y+2, r25	; 0x02
    1cea:	89 83       	std	Y+1, r24	; 0x01
	_delay_ms(1);
	HLCD_voidClear();
    1cec:	0e 94 3c 0f 	call	0x1e78	; 0x1e78 <HLCD_voidClear>
}
    1cf0:	aa 96       	adiw	r28, 0x2a	; 42
    1cf2:	0f b6       	in	r0, 0x3f	; 63
    1cf4:	f8 94       	cli
    1cf6:	de bf       	out	0x3e, r29	; 62
    1cf8:	0f be       	out	0x3f, r0	; 63
    1cfa:	cd bf       	out	0x3d, r28	; 61
    1cfc:	cf 91       	pop	r28
    1cfe:	df 91       	pop	r29
    1d00:	08 95       	ret

00001d02 <HLCD_voidSendString>:

void HLCD_voidSendString(u8 *A_pu8String)
{
    1d02:	df 93       	push	r29
    1d04:	cf 93       	push	r28
    1d06:	00 d0       	rcall	.+0      	; 0x1d08 <HLCD_voidSendString+0x6>
    1d08:	0f 92       	push	r0
    1d0a:	cd b7       	in	r28, 0x3d	; 61
    1d0c:	de b7       	in	r29, 0x3e	; 62
    1d0e:	9b 83       	std	Y+3, r25	; 0x03
    1d10:	8a 83       	std	Y+2, r24	; 0x02
	u8 L_u8Index = 0;
    1d12:	19 82       	std	Y+1, r1	; 0x01
    1d14:	0e c0       	rjmp	.+28     	; 0x1d32 <HLCD_voidSendString+0x30>
	while (A_pu8String[L_u8Index] != '\0')
	{
		HLCD_voidSendData(A_pu8String[L_u8Index]);
    1d16:	89 81       	ldd	r24, Y+1	; 0x01
    1d18:	28 2f       	mov	r18, r24
    1d1a:	30 e0       	ldi	r19, 0x00	; 0
    1d1c:	8a 81       	ldd	r24, Y+2	; 0x02
    1d1e:	9b 81       	ldd	r25, Y+3	; 0x03
    1d20:	fc 01       	movw	r30, r24
    1d22:	e2 0f       	add	r30, r18
    1d24:	f3 1f       	adc	r31, r19
    1d26:	80 81       	ld	r24, Z
    1d28:	0e 94 d7 0c 	call	0x19ae	; 0x19ae <HLCD_voidSendData>
		L_u8Index++;
    1d2c:	89 81       	ldd	r24, Y+1	; 0x01
    1d2e:	8f 5f       	subi	r24, 0xFF	; 255
    1d30:	89 83       	std	Y+1, r24	; 0x01
}

void HLCD_voidSendString(u8 *A_pu8String)
{
	u8 L_u8Index = 0;
	while (A_pu8String[L_u8Index] != '\0')
    1d32:	89 81       	ldd	r24, Y+1	; 0x01
    1d34:	28 2f       	mov	r18, r24
    1d36:	30 e0       	ldi	r19, 0x00	; 0
    1d38:	8a 81       	ldd	r24, Y+2	; 0x02
    1d3a:	9b 81       	ldd	r25, Y+3	; 0x03
    1d3c:	fc 01       	movw	r30, r24
    1d3e:	e2 0f       	add	r30, r18
    1d40:	f3 1f       	adc	r31, r19
    1d42:	80 81       	ld	r24, Z
    1d44:	88 23       	and	r24, r24
    1d46:	39 f7       	brne	.-50     	; 0x1d16 <HLCD_voidSendString+0x14>
	{
		HLCD_voidSendData(A_pu8String[L_u8Index]);
		L_u8Index++;
	}
}
    1d48:	0f 90       	pop	r0
    1d4a:	0f 90       	pop	r0
    1d4c:	0f 90       	pop	r0
    1d4e:	cf 91       	pop	r28
    1d50:	df 91       	pop	r29
    1d52:	08 95       	ret

00001d54 <HLCD_voidSendNumber>:

void HLCD_voidSendNumber(s32 A_s32Number)
{
    1d54:	0f 93       	push	r16
    1d56:	1f 93       	push	r17
    1d58:	df 93       	push	r29
    1d5a:	cf 93       	push	r28
    1d5c:	cd b7       	in	r28, 0x3d	; 61
    1d5e:	de b7       	in	r29, 0x3e	; 62
    1d60:	2f 97       	sbiw	r28, 0x0f	; 15
    1d62:	0f b6       	in	r0, 0x3f	; 63
    1d64:	f8 94       	cli
    1d66:	de bf       	out	0x3e, r29	; 62
    1d68:	0f be       	out	0x3f, r0	; 63
    1d6a:	cd bf       	out	0x3d, r28	; 61
    1d6c:	6c 87       	std	Y+12, r22	; 0x0c
    1d6e:	7d 87       	std	Y+13, r23	; 0x0d
    1d70:	8e 87       	std	Y+14, r24	; 0x0e
    1d72:	9f 87       	std	Y+15, r25	; 0x0f
	u8 L_u8Arr[10];
	s8 L_s8Index = 0;
    1d74:	19 82       	std	Y+1, r1	; 0x01

	if (A_s32Number == 0)
    1d76:	8c 85       	ldd	r24, Y+12	; 0x0c
    1d78:	9d 85       	ldd	r25, Y+13	; 0x0d
    1d7a:	ae 85       	ldd	r26, Y+14	; 0x0e
    1d7c:	bf 85       	ldd	r27, Y+15	; 0x0f
    1d7e:	00 97       	sbiw	r24, 0x00	; 0
    1d80:	a1 05       	cpc	r26, r1
    1d82:	b1 05       	cpc	r27, r1
    1d84:	21 f4       	brne	.+8      	; 0x1d8e <HLCD_voidSendNumber+0x3a>
	{
		HLCD_voidSendData('0');
    1d86:	80 e3       	ldi	r24, 0x30	; 48
    1d88:	0e 94 d7 0c 	call	0x19ae	; 0x19ae <HLCD_voidSendData>
    1d8c:	6a c0       	rjmp	.+212    	; 0x1e62 <HLCD_voidSendNumber+0x10e>
		return;
	}
	if (A_s32Number < 0)
    1d8e:	8c 85       	ldd	r24, Y+12	; 0x0c
    1d90:	9d 85       	ldd	r25, Y+13	; 0x0d
    1d92:	ae 85       	ldd	r26, Y+14	; 0x0e
    1d94:	bf 85       	ldd	r27, Y+15	; 0x0f
    1d96:	bb 23       	and	r27, r27
    1d98:	0c f0       	brlt	.+2      	; 0x1d9c <HLCD_voidSendNumber+0x48>
    1d9a:	43 c0       	rjmp	.+134    	; 0x1e22 <HLCD_voidSendNumber+0xce>
	{
		HLCD_voidSendData('-');
    1d9c:	8d e2       	ldi	r24, 0x2D	; 45
    1d9e:	0e 94 d7 0c 	call	0x19ae	; 0x19ae <HLCD_voidSendData>
		A_s32Number = -A_s32Number;
    1da2:	8c 85       	ldd	r24, Y+12	; 0x0c
    1da4:	9d 85       	ldd	r25, Y+13	; 0x0d
    1da6:	ae 85       	ldd	r26, Y+14	; 0x0e
    1da8:	bf 85       	ldd	r27, Y+15	; 0x0f
    1daa:	b0 95       	com	r27
    1dac:	a0 95       	com	r26
    1dae:	90 95       	com	r25
    1db0:	81 95       	neg	r24
    1db2:	9f 4f       	sbci	r25, 0xFF	; 255
    1db4:	af 4f       	sbci	r26, 0xFF	; 255
    1db6:	bf 4f       	sbci	r27, 0xFF	; 255
    1db8:	8c 87       	std	Y+12, r24	; 0x0c
    1dba:	9d 87       	std	Y+13, r25	; 0x0d
    1dbc:	ae 87       	std	Y+14, r26	; 0x0e
    1dbe:	bf 87       	std	Y+15, r27	; 0x0f
    1dc0:	30 c0       	rjmp	.+96     	; 0x1e22 <HLCD_voidSendNumber+0xce>
	}
	while (A_s32Number > 0)
	{
		L_u8Arr[L_s8Index] = (A_s32Number % 10) + '0';
    1dc2:	89 81       	ldd	r24, Y+1	; 0x01
    1dc4:	08 2f       	mov	r16, r24
    1dc6:	11 27       	eor	r17, r17
    1dc8:	07 fd       	sbrc	r16, 7
    1dca:	10 95       	com	r17
    1dcc:	8c 85       	ldd	r24, Y+12	; 0x0c
    1dce:	9d 85       	ldd	r25, Y+13	; 0x0d
    1dd0:	ae 85       	ldd	r26, Y+14	; 0x0e
    1dd2:	bf 85       	ldd	r27, Y+15	; 0x0f
    1dd4:	2a e0       	ldi	r18, 0x0A	; 10
    1dd6:	30 e0       	ldi	r19, 0x00	; 0
    1dd8:	40 e0       	ldi	r20, 0x00	; 0
    1dda:	50 e0       	ldi	r21, 0x00	; 0
    1ddc:	bc 01       	movw	r22, r24
    1dde:	cd 01       	movw	r24, r26
    1de0:	0e 94 ae 12 	call	0x255c	; 0x255c <__divmodsi4>
    1de4:	dc 01       	movw	r26, r24
    1de6:	cb 01       	movw	r24, r22
    1de8:	28 2f       	mov	r18, r24
    1dea:	20 5d       	subi	r18, 0xD0	; 208
    1dec:	ce 01       	movw	r24, r28
    1dee:	02 96       	adiw	r24, 0x02	; 2
    1df0:	fc 01       	movw	r30, r24
    1df2:	e0 0f       	add	r30, r16
    1df4:	f1 1f       	adc	r31, r17
    1df6:	20 83       	st	Z, r18
		A_s32Number /= 10;
    1df8:	8c 85       	ldd	r24, Y+12	; 0x0c
    1dfa:	9d 85       	ldd	r25, Y+13	; 0x0d
    1dfc:	ae 85       	ldd	r26, Y+14	; 0x0e
    1dfe:	bf 85       	ldd	r27, Y+15	; 0x0f
    1e00:	2a e0       	ldi	r18, 0x0A	; 10
    1e02:	30 e0       	ldi	r19, 0x00	; 0
    1e04:	40 e0       	ldi	r20, 0x00	; 0
    1e06:	50 e0       	ldi	r21, 0x00	; 0
    1e08:	bc 01       	movw	r22, r24
    1e0a:	cd 01       	movw	r24, r26
    1e0c:	0e 94 ae 12 	call	0x255c	; 0x255c <__divmodsi4>
    1e10:	da 01       	movw	r26, r20
    1e12:	c9 01       	movw	r24, r18
    1e14:	8c 87       	std	Y+12, r24	; 0x0c
    1e16:	9d 87       	std	Y+13, r25	; 0x0d
    1e18:	ae 87       	std	Y+14, r26	; 0x0e
    1e1a:	bf 87       	std	Y+15, r27	; 0x0f
		L_s8Index++;
    1e1c:	89 81       	ldd	r24, Y+1	; 0x01
    1e1e:	8f 5f       	subi	r24, 0xFF	; 255
    1e20:	89 83       	std	Y+1, r24	; 0x01
	if (A_s32Number < 0)
	{
		HLCD_voidSendData('-');
		A_s32Number = -A_s32Number;
	}
	while (A_s32Number > 0)
    1e22:	8c 85       	ldd	r24, Y+12	; 0x0c
    1e24:	9d 85       	ldd	r25, Y+13	; 0x0d
    1e26:	ae 85       	ldd	r26, Y+14	; 0x0e
    1e28:	bf 85       	ldd	r27, Y+15	; 0x0f
    1e2a:	18 16       	cp	r1, r24
    1e2c:	19 06       	cpc	r1, r25
    1e2e:	1a 06       	cpc	r1, r26
    1e30:	1b 06       	cpc	r1, r27
    1e32:	3c f2       	brlt	.-114    	; 0x1dc2 <HLCD_voidSendNumber+0x6e>
	{
		L_u8Arr[L_s8Index] = (A_s32Number % 10) + '0';
		A_s32Number /= 10;
		L_s8Index++;
	}
	for (L_s8Index--; L_s8Index >= 0; L_s8Index--)
    1e34:	89 81       	ldd	r24, Y+1	; 0x01
    1e36:	81 50       	subi	r24, 0x01	; 1
    1e38:	89 83       	std	Y+1, r24	; 0x01
    1e3a:	10 c0       	rjmp	.+32     	; 0x1e5c <HLCD_voidSendNumber+0x108>
	{
		HLCD_voidSendData(L_u8Arr[L_s8Index]);
    1e3c:	89 81       	ldd	r24, Y+1	; 0x01
    1e3e:	28 2f       	mov	r18, r24
    1e40:	33 27       	eor	r19, r19
    1e42:	27 fd       	sbrc	r18, 7
    1e44:	30 95       	com	r19
    1e46:	ce 01       	movw	r24, r28
    1e48:	02 96       	adiw	r24, 0x02	; 2
    1e4a:	fc 01       	movw	r30, r24
    1e4c:	e2 0f       	add	r30, r18
    1e4e:	f3 1f       	adc	r31, r19
    1e50:	80 81       	ld	r24, Z
    1e52:	0e 94 d7 0c 	call	0x19ae	; 0x19ae <HLCD_voidSendData>
	{
		L_u8Arr[L_s8Index] = (A_s32Number % 10) + '0';
		A_s32Number /= 10;
		L_s8Index++;
	}
	for (L_s8Index--; L_s8Index >= 0; L_s8Index--)
    1e56:	89 81       	ldd	r24, Y+1	; 0x01
    1e58:	81 50       	subi	r24, 0x01	; 1
    1e5a:	89 83       	std	Y+1, r24	; 0x01
    1e5c:	89 81       	ldd	r24, Y+1	; 0x01
    1e5e:	88 23       	and	r24, r24
    1e60:	6c f7       	brge	.-38     	; 0x1e3c <HLCD_voidSendNumber+0xe8>
	{
		HLCD_voidSendData(L_u8Arr[L_s8Index]);
	}
}
    1e62:	2f 96       	adiw	r28, 0x0f	; 15
    1e64:	0f b6       	in	r0, 0x3f	; 63
    1e66:	f8 94       	cli
    1e68:	de bf       	out	0x3e, r29	; 62
    1e6a:	0f be       	out	0x3f, r0	; 63
    1e6c:	cd bf       	out	0x3d, r28	; 61
    1e6e:	cf 91       	pop	r28
    1e70:	df 91       	pop	r29
    1e72:	1f 91       	pop	r17
    1e74:	0f 91       	pop	r16
    1e76:	08 95       	ret

00001e78 <HLCD_voidClear>:

void HLCD_voidClear(void)
{
    1e78:	df 93       	push	r29
    1e7a:	cf 93       	push	r28
    1e7c:	cd b7       	in	r28, 0x3d	; 61
    1e7e:	de b7       	in	r29, 0x3e	; 62
    1e80:	2e 97       	sbiw	r28, 0x0e	; 14
    1e82:	0f b6       	in	r0, 0x3f	; 63
    1e84:	f8 94       	cli
    1e86:	de bf       	out	0x3e, r29	; 62
    1e88:	0f be       	out	0x3f, r0	; 63
    1e8a:	cd bf       	out	0x3d, r28	; 61
	HLCD_voidSendCommand(0x01);
    1e8c:	81 e0       	ldi	r24, 0x01	; 1
    1e8e:	0e 94 bf 0c 	call	0x197e	; 0x197e <HLCD_voidSendCommand>
    1e92:	80 e0       	ldi	r24, 0x00	; 0
    1e94:	90 e0       	ldi	r25, 0x00	; 0
    1e96:	a0 e0       	ldi	r26, 0x00	; 0
    1e98:	b0 e4       	ldi	r27, 0x40	; 64
    1e9a:	8b 87       	std	Y+11, r24	; 0x0b
    1e9c:	9c 87       	std	Y+12, r25	; 0x0c
    1e9e:	ad 87       	std	Y+13, r26	; 0x0d
    1ea0:	be 87       	std	Y+14, r27	; 0x0e
 */
void
_delay_ms(double __ms)
{
	uint16_t __ticks;
	double __tmp = ((F_CPU) / 4e3) * __ms;
    1ea2:	6b 85       	ldd	r22, Y+11	; 0x0b
    1ea4:	7c 85       	ldd	r23, Y+12	; 0x0c
    1ea6:	8d 85       	ldd	r24, Y+13	; 0x0d
    1ea8:	9e 85       	ldd	r25, Y+14	; 0x0e
    1eaa:	20 e0       	ldi	r18, 0x00	; 0
    1eac:	30 e0       	ldi	r19, 0x00	; 0
    1eae:	4a ef       	ldi	r20, 0xFA	; 250
    1eb0:	54 e4       	ldi	r21, 0x44	; 68
    1eb2:	0e 94 17 02 	call	0x42e	; 0x42e <__mulsf3>
    1eb6:	dc 01       	movw	r26, r24
    1eb8:	cb 01       	movw	r24, r22
    1eba:	8f 83       	std	Y+7, r24	; 0x07
    1ebc:	98 87       	std	Y+8, r25	; 0x08
    1ebe:	a9 87       	std	Y+9, r26	; 0x09
    1ec0:	ba 87       	std	Y+10, r27	; 0x0a
	if (__tmp < 1.0)
    1ec2:	6f 81       	ldd	r22, Y+7	; 0x07
    1ec4:	78 85       	ldd	r23, Y+8	; 0x08
    1ec6:	89 85       	ldd	r24, Y+9	; 0x09
    1ec8:	9a 85       	ldd	r25, Y+10	; 0x0a
    1eca:	20 e0       	ldi	r18, 0x00	; 0
    1ecc:	30 e0       	ldi	r19, 0x00	; 0
    1ece:	40 e8       	ldi	r20, 0x80	; 128
    1ed0:	5f e3       	ldi	r21, 0x3F	; 63
    1ed2:	0e 94 71 03 	call	0x6e2	; 0x6e2 <__ltsf2>
    1ed6:	88 23       	and	r24, r24
    1ed8:	2c f4       	brge	.+10     	; 0x1ee4 <HLCD_voidClear+0x6c>
		__ticks = 1;
    1eda:	81 e0       	ldi	r24, 0x01	; 1
    1edc:	90 e0       	ldi	r25, 0x00	; 0
    1ede:	9e 83       	std	Y+6, r25	; 0x06
    1ee0:	8d 83       	std	Y+5, r24	; 0x05
    1ee2:	3f c0       	rjmp	.+126    	; 0x1f62 <HLCD_voidClear+0xea>
	else if (__tmp > 65535)
    1ee4:	6f 81       	ldd	r22, Y+7	; 0x07
    1ee6:	78 85       	ldd	r23, Y+8	; 0x08
    1ee8:	89 85       	ldd	r24, Y+9	; 0x09
    1eea:	9a 85       	ldd	r25, Y+10	; 0x0a
    1eec:	20 e0       	ldi	r18, 0x00	; 0
    1eee:	3f ef       	ldi	r19, 0xFF	; 255
    1ef0:	4f e7       	ldi	r20, 0x7F	; 127
    1ef2:	57 e4       	ldi	r21, 0x47	; 71
    1ef4:	0e 94 11 03 	call	0x622	; 0x622 <__gtsf2>
    1ef8:	18 16       	cp	r1, r24
    1efa:	4c f5       	brge	.+82     	; 0x1f4e <HLCD_voidClear+0xd6>
	{
		//	__ticks = requested delay in 1/10 ms
		__ticks = (uint16_t) (__ms * 10.0);
    1efc:	6b 85       	ldd	r22, Y+11	; 0x0b
    1efe:	7c 85       	ldd	r23, Y+12	; 0x0c
    1f00:	8d 85       	ldd	r24, Y+13	; 0x0d
    1f02:	9e 85       	ldd	r25, Y+14	; 0x0e
    1f04:	20 e0       	ldi	r18, 0x00	; 0
    1f06:	30 e0       	ldi	r19, 0x00	; 0
    1f08:	40 e2       	ldi	r20, 0x20	; 32
    1f0a:	51 e4       	ldi	r21, 0x41	; 65
    1f0c:	0e 94 17 02 	call	0x42e	; 0x42e <__mulsf3>
    1f10:	dc 01       	movw	r26, r24
    1f12:	cb 01       	movw	r24, r22
    1f14:	bc 01       	movw	r22, r24
    1f16:	cd 01       	movw	r24, r26
    1f18:	0e 94 41 00 	call	0x82	; 0x82 <__fixunssfsi>
    1f1c:	dc 01       	movw	r26, r24
    1f1e:	cb 01       	movw	r24, r22
    1f20:	9e 83       	std	Y+6, r25	; 0x06
    1f22:	8d 83       	std	Y+5, r24	; 0x05
    1f24:	0f c0       	rjmp	.+30     	; 0x1f44 <HLCD_voidClear+0xcc>
    1f26:	88 ec       	ldi	r24, 0xC8	; 200
    1f28:	90 e0       	ldi	r25, 0x00	; 0
    1f2a:	9c 83       	std	Y+4, r25	; 0x04
    1f2c:	8b 83       	std	Y+3, r24	; 0x03
    1f2e:	8b 81       	ldd	r24, Y+3	; 0x03
    1f30:	9c 81       	ldd	r25, Y+4	; 0x04
    1f32:	01 97       	sbiw	r24, 0x01	; 1
    1f34:	f1 f7       	brne	.-4      	; 0x1f32 <HLCD_voidClear+0xba>
    1f36:	9c 83       	std	Y+4, r25	; 0x04
    1f38:	8b 83       	std	Y+3, r24	; 0x03
		while(__ticks)
		{
			// wait 1/10 ms
			_delay_loop_2(((F_CPU) / 4e3) / 10);
			__ticks --;
    1f3a:	8d 81       	ldd	r24, Y+5	; 0x05
    1f3c:	9e 81       	ldd	r25, Y+6	; 0x06
    1f3e:	01 97       	sbiw	r24, 0x01	; 1
    1f40:	9e 83       	std	Y+6, r25	; 0x06
    1f42:	8d 83       	std	Y+5, r24	; 0x05
		__ticks = 1;
	else if (__tmp > 65535)
	{
		//	__ticks = requested delay in 1/10 ms
		__ticks = (uint16_t) (__ms * 10.0);
		while(__ticks)
    1f44:	8d 81       	ldd	r24, Y+5	; 0x05
    1f46:	9e 81       	ldd	r25, Y+6	; 0x06
    1f48:	00 97       	sbiw	r24, 0x00	; 0
    1f4a:	69 f7       	brne	.-38     	; 0x1f26 <HLCD_voidClear+0xae>
    1f4c:	14 c0       	rjmp	.+40     	; 0x1f76 <HLCD_voidClear+0xfe>
			__ticks --;
		}
		return;
	}
	else
		__ticks = (uint16_t)__tmp;
    1f4e:	6f 81       	ldd	r22, Y+7	; 0x07
    1f50:	78 85       	ldd	r23, Y+8	; 0x08
    1f52:	89 85       	ldd	r24, Y+9	; 0x09
    1f54:	9a 85       	ldd	r25, Y+10	; 0x0a
    1f56:	0e 94 41 00 	call	0x82	; 0x82 <__fixunssfsi>
    1f5a:	dc 01       	movw	r26, r24
    1f5c:	cb 01       	movw	r24, r22
    1f5e:	9e 83       	std	Y+6, r25	; 0x06
    1f60:	8d 83       	std	Y+5, r24	; 0x05
    1f62:	8d 81       	ldd	r24, Y+5	; 0x05
    1f64:	9e 81       	ldd	r25, Y+6	; 0x06
    1f66:	9a 83       	std	Y+2, r25	; 0x02
    1f68:	89 83       	std	Y+1, r24	; 0x01
    1f6a:	89 81       	ldd	r24, Y+1	; 0x01
    1f6c:	9a 81       	ldd	r25, Y+2	; 0x02
    1f6e:	01 97       	sbiw	r24, 0x01	; 1
    1f70:	f1 f7       	brne	.-4      	; 0x1f6e <HLCD_voidClear+0xf6>
    1f72:	9a 83       	std	Y+2, r25	; 0x02
    1f74:	89 83       	std	Y+1, r24	; 0x01
	_delay_ms(2);
}
    1f76:	2e 96       	adiw	r28, 0x0e	; 14
    1f78:	0f b6       	in	r0, 0x3f	; 63
    1f7a:	f8 94       	cli
    1f7c:	de bf       	out	0x3e, r29	; 62
    1f7e:	0f be       	out	0x3f, r0	; 63
    1f80:	cd bf       	out	0x3d, r28	; 61
    1f82:	cf 91       	pop	r28
    1f84:	df 91       	pop	r29
    1f86:	08 95       	ret

00001f88 <HLCD_voidGoTo>:

void HLCD_voidGoTo(u8 A_u8Row, u8 A_u8Col)
{
    1f88:	df 93       	push	r29
    1f8a:	cf 93       	push	r28
    1f8c:	00 d0       	rcall	.+0      	; 0x1f8e <HLCD_voidGoTo+0x6>
    1f8e:	00 d0       	rcall	.+0      	; 0x1f90 <HLCD_voidGoTo+0x8>
    1f90:	cd b7       	in	r28, 0x3d	; 61
    1f92:	de b7       	in	r29, 0x3e	; 62
    1f94:	8a 83       	std	Y+2, r24	; 0x02
    1f96:	6b 83       	std	Y+3, r22	; 0x03
	u8 L_u8Address = (A_u8Row == 0) ? (0x80 + A_u8Col) : (0xC0 + A_u8Col);
    1f98:	8a 81       	ldd	r24, Y+2	; 0x02
    1f9a:	88 23       	and	r24, r24
    1f9c:	29 f4       	brne	.+10     	; 0x1fa8 <HLCD_voidGoTo+0x20>
    1f9e:	8b 81       	ldd	r24, Y+3	; 0x03
    1fa0:	98 2f       	mov	r25, r24
    1fa2:	90 58       	subi	r25, 0x80	; 128
    1fa4:	9c 83       	std	Y+4, r25	; 0x04
    1fa6:	04 c0       	rjmp	.+8      	; 0x1fb0 <HLCD_voidGoTo+0x28>
    1fa8:	8b 81       	ldd	r24, Y+3	; 0x03
    1faa:	98 2f       	mov	r25, r24
    1fac:	90 54       	subi	r25, 0x40	; 64
    1fae:	9c 83       	std	Y+4, r25	; 0x04
    1fb0:	8c 81       	ldd	r24, Y+4	; 0x04
    1fb2:	89 83       	std	Y+1, r24	; 0x01
	HLCD_voidSendCommand(L_u8Address);
    1fb4:	89 81       	ldd	r24, Y+1	; 0x01
    1fb6:	0e 94 bf 0c 	call	0x197e	; 0x197e <HLCD_voidSendCommand>
}
    1fba:	0f 90       	pop	r0
    1fbc:	0f 90       	pop	r0
    1fbe:	0f 90       	pop	r0
    1fc0:	0f 90       	pop	r0
    1fc2:	cf 91       	pop	r28
    1fc4:	df 91       	pop	r29
    1fc6:	08 95       	ret

00001fc8 <main>:

#define MAX_TEMP           28
#define MIN_TEMP           0

int main(void)
{
    1fc8:	df 93       	push	r29
    1fca:	cf 93       	push	r28
    1fcc:	cd b7       	in	r28, 0x3d	; 61
    1fce:	de b7       	in	r29, 0x3e	; 62
    1fd0:	e0 97       	sbiw	r28, 0x30	; 48
    1fd2:	0f b6       	in	r0, 0x3f	; 63
    1fd4:	f8 94       	cli
    1fd6:	de bf       	out	0x3e, r29	; 62
    1fd8:	0f be       	out	0x3f, r0	; 63
    1fda:	cd bf       	out	0x3d, r28	; 61
    u8 L_u8CurrentTemp = 0;
    1fdc:	1e a6       	std	Y+46, r1	; 0x2e
    u8 L_u8SetTemp = 25;
    1fde:	89 e1       	ldi	r24, 0x19	; 25
    1fe0:	8d a7       	std	Y+45, r24	; 0x2d
    u8 L_u8Diff = 0;
    1fe2:	1c a6       	std	Y+44, r1	; 0x2c
    u8 L_u8MotorSpeed = 0;
    1fe4:	1b a6       	std	Y+43, r1	; 0x2b

    HLM35_voidInit();
    1fe6:	0e 94 63 0b 	call	0x16c6	; 0x16c6 <HLM35_voidInit>
    HLCD_voidInit();
    1fea:	0e 94 ef 0c 	call	0x19de	; 0x19de <HLCD_voidInit>
    HMOTOR_voidInit();
    1fee:	0e 94 06 0b 	call	0x160c	; 0x160c <HMOTOR_voidInit>

    MDIO_voidInitPin(LED_YELLOW_PORT, LED_YELLOW_PIN, DIO_OUTPUT);
    1ff2:	82 e0       	ldi	r24, 0x02	; 2
    1ff4:	62 e0       	ldi	r22, 0x02	; 2
    1ff6:	41 e0       	ldi	r20, 0x01	; 1
    1ff8:	0e 94 dd 06 	call	0xdba	; 0xdba <MDIO_voidInitPin>
    MDIO_voidInitPin(LED_GREEN_PORT, LED_GREEN_PIN, DIO_OUTPUT);
    1ffc:	82 e0       	ldi	r24, 0x02	; 2
    1ffe:	63 e0       	ldi	r22, 0x03	; 3
    2000:	41 e0       	ldi	r20, 0x01	; 1
    2002:	0e 94 dd 06 	call	0xdba	; 0xdba <MDIO_voidInitPin>

    MDIO_voidInitPin(BTN_PORT, BTN_INC_PIN, DIO_INPUT);
    2006:	81 e0       	ldi	r24, 0x01	; 1
    2008:	60 e0       	ldi	r22, 0x00	; 0
    200a:	40 e0       	ldi	r20, 0x00	; 0
    200c:	0e 94 dd 06 	call	0xdba	; 0xdba <MDIO_voidInitPin>
    MDIO_voidSetPinValue(BTN_PORT, BTN_INC_PIN, DIO_HIGH);
    2010:	81 e0       	ldi	r24, 0x01	; 1
    2012:	60 e0       	ldi	r22, 0x00	; 0
    2014:	41 e0       	ldi	r20, 0x01	; 1
    2016:	0e 94 c0 07 	call	0xf80	; 0xf80 <MDIO_voidSetPinValue>

    MDIO_voidInitPin(BTN_PORT, BTN_DEC_PIN, DIO_INPUT);
    201a:	81 e0       	ldi	r24, 0x01	; 1
    201c:	61 e0       	ldi	r22, 0x01	; 1
    201e:	40 e0       	ldi	r20, 0x00	; 0
    2020:	0e 94 dd 06 	call	0xdba	; 0xdba <MDIO_voidInitPin>
    MDIO_voidSetPinValue(BTN_PORT, BTN_DEC_PIN, DIO_HIGH);
    2024:	81 e0       	ldi	r24, 0x01	; 1
    2026:	61 e0       	ldi	r22, 0x01	; 1
    2028:	41 e0       	ldi	r20, 0x01	; 1
    202a:	0e 94 c0 07 	call	0xf80	; 0xf80 <MDIO_voidSetPinValue>

    if (MEEPROM_u8ReadByte(EEPROM_INIT_FLAG_ADDR) != 0xAA)
    202e:	80 e3       	ldi	r24, 0x30	; 48
    2030:	90 e0       	ldi	r25, 0x00	; 0
    2032:	0e 94 b7 06 	call	0xd6e	; 0xd6e <MEEPROM_u8ReadByte>
    2036:	8a 3a       	cpi	r24, 0xAA	; 170
    2038:	69 f0       	breq	.+26     	; 0x2054 <main+0x8c>
    {
        MEEPROM_voidWriteByte(EEPROM_SET_TEMP_ADDR, 25);
    203a:	80 e2       	ldi	r24, 0x20	; 32
    203c:	90 e0       	ldi	r25, 0x00	; 0
    203e:	69 e1       	ldi	r22, 0x19	; 25
    2040:	0e 94 93 06 	call	0xd26	; 0xd26 <MEEPROM_voidWriteByte>
        MEEPROM_voidWriteByte(EEPROM_INIT_FLAG_ADDR, 0xAA);
    2044:	80 e3       	ldi	r24, 0x30	; 48
    2046:	90 e0       	ldi	r25, 0x00	; 0
    2048:	6a ea       	ldi	r22, 0xAA	; 170
    204a:	0e 94 93 06 	call	0xd26	; 0xd26 <MEEPROM_voidWriteByte>
        L_u8SetTemp = 25;
    204e:	89 e1       	ldi	r24, 0x19	; 25
    2050:	8d a7       	std	Y+45, r24	; 0x2d
    2052:	0a c0       	rjmp	.+20     	; 0x2068 <main+0xa0>
    }
    else
    {
        L_u8SetTemp = MEEPROM_u8ReadByte(EEPROM_SET_TEMP_ADDR);
    2054:	80 e2       	ldi	r24, 0x20	; 32
    2056:	90 e0       	ldi	r25, 0x00	; 0
    2058:	0e 94 b7 06 	call	0xd6e	; 0xd6e <MEEPROM_u8ReadByte>
    205c:	8d a7       	std	Y+45, r24	; 0x2d
        if (L_u8SetTemp > MAX_TEMP)
    205e:	8d a5       	ldd	r24, Y+45	; 0x2d
    2060:	8d 31       	cpi	r24, 0x1D	; 29
    2062:	10 f0       	brcs	.+4      	; 0x2068 <main+0xa0>
        {
            L_u8SetTemp = MAX_TEMP;
    2064:	8c e1       	ldi	r24, 0x1C	; 28
    2066:	8d a7       	std	Y+45, r24	; 0x2d
        }
    }

    while (1)
    {
        L_u8CurrentTemp = HLM35_u8GetTemp();
    2068:	0e 94 6c 0b 	call	0x16d8	; 0x16d8 <HLM35_u8GetTemp>
    206c:	8e a7       	std	Y+46, r24	; 0x2e

        if (MDIO_u8ReadPin(BTN_PORT, BTN_INC_PIN) == DIO_LOW)
    206e:	81 e0       	ldi	r24, 0x01	; 1
    2070:	60 e0       	ldi	r22, 0x00	; 0
    2072:	0e 94 20 09 	call	0x1240	; 0x1240 <MDIO_u8ReadPin>
    2076:	88 23       	and	r24, r24
    2078:	09 f0       	breq	.+2      	; 0x207c <main+0xb4>
    207a:	89 c0       	rjmp	.+274    	; 0x218e <main+0x1c6>
    207c:	80 e0       	ldi	r24, 0x00	; 0
    207e:	90 e0       	ldi	r25, 0x00	; 0
    2080:	a0 ef       	ldi	r26, 0xF0	; 240
    2082:	b1 e4       	ldi	r27, 0x41	; 65
    2084:	8f a3       	std	Y+39, r24	; 0x27
    2086:	98 a7       	std	Y+40, r25	; 0x28
    2088:	a9 a7       	std	Y+41, r26	; 0x29
    208a:	ba a7       	std	Y+42, r27	; 0x2a
 */
void
_delay_ms(double __ms)
{
	uint16_t __ticks;
	double __tmp = ((F_CPU) / 4e3) * __ms;
    208c:	6f a1       	ldd	r22, Y+39	; 0x27
    208e:	78 a5       	ldd	r23, Y+40	; 0x28
    2090:	89 a5       	ldd	r24, Y+41	; 0x29
    2092:	9a a5       	ldd	r25, Y+42	; 0x2a
    2094:	20 e0       	ldi	r18, 0x00	; 0
    2096:	30 e0       	ldi	r19, 0x00	; 0
    2098:	4a ef       	ldi	r20, 0xFA	; 250
    209a:	54 e4       	ldi	r21, 0x44	; 68
    209c:	0e 94 17 02 	call	0x42e	; 0x42e <__mulsf3>
    20a0:	dc 01       	movw	r26, r24
    20a2:	cb 01       	movw	r24, r22
    20a4:	8b a3       	std	Y+35, r24	; 0x23
    20a6:	9c a3       	std	Y+36, r25	; 0x24
    20a8:	ad a3       	std	Y+37, r26	; 0x25
    20aa:	be a3       	std	Y+38, r27	; 0x26
	if (__tmp < 1.0)
    20ac:	6b a1       	ldd	r22, Y+35	; 0x23
    20ae:	7c a1       	ldd	r23, Y+36	; 0x24
    20b0:	8d a1       	ldd	r24, Y+37	; 0x25
    20b2:	9e a1       	ldd	r25, Y+38	; 0x26
    20b4:	20 e0       	ldi	r18, 0x00	; 0
    20b6:	30 e0       	ldi	r19, 0x00	; 0
    20b8:	40 e8       	ldi	r20, 0x80	; 128
    20ba:	5f e3       	ldi	r21, 0x3F	; 63
    20bc:	0e 94 71 03 	call	0x6e2	; 0x6e2 <__ltsf2>
    20c0:	88 23       	and	r24, r24
    20c2:	2c f4       	brge	.+10     	; 0x20ce <main+0x106>
		__ticks = 1;
    20c4:	81 e0       	ldi	r24, 0x01	; 1
    20c6:	90 e0       	ldi	r25, 0x00	; 0
    20c8:	9a a3       	std	Y+34, r25	; 0x22
    20ca:	89 a3       	std	Y+33, r24	; 0x21
    20cc:	3f c0       	rjmp	.+126    	; 0x214c <main+0x184>
	else if (__tmp > 65535)
    20ce:	6b a1       	ldd	r22, Y+35	; 0x23
    20d0:	7c a1       	ldd	r23, Y+36	; 0x24
    20d2:	8d a1       	ldd	r24, Y+37	; 0x25
    20d4:	9e a1       	ldd	r25, Y+38	; 0x26
    20d6:	20 e0       	ldi	r18, 0x00	; 0
    20d8:	3f ef       	ldi	r19, 0xFF	; 255
    20da:	4f e7       	ldi	r20, 0x7F	; 127
    20dc:	57 e4       	ldi	r21, 0x47	; 71
    20de:	0e 94 11 03 	call	0x622	; 0x622 <__gtsf2>
    20e2:	18 16       	cp	r1, r24
    20e4:	4c f5       	brge	.+82     	; 0x2138 <main+0x170>
	{
		//	__ticks = requested delay in 1/10 ms
		__ticks = (uint16_t) (__ms * 10.0);
    20e6:	6f a1       	ldd	r22, Y+39	; 0x27
    20e8:	78 a5       	ldd	r23, Y+40	; 0x28
    20ea:	89 a5       	ldd	r24, Y+41	; 0x29
    20ec:	9a a5       	ldd	r25, Y+42	; 0x2a
    20ee:	20 e0       	ldi	r18, 0x00	; 0
    20f0:	30 e0       	ldi	r19, 0x00	; 0
    20f2:	40 e2       	ldi	r20, 0x20	; 32
    20f4:	51 e4       	ldi	r21, 0x41	; 65
    20f6:	0e 94 17 02 	call	0x42e	; 0x42e <__mulsf3>
    20fa:	dc 01       	movw	r26, r24
    20fc:	cb 01       	movw	r24, r22
    20fe:	bc 01       	movw	r22, r24
    2100:	cd 01       	movw	r24, r26
    2102:	0e 94 41 00 	call	0x82	; 0x82 <__fixunssfsi>
    2106:	dc 01       	movw	r26, r24
    2108:	cb 01       	movw	r24, r22
    210a:	9a a3       	std	Y+34, r25	; 0x22
    210c:	89 a3       	std	Y+33, r24	; 0x21
    210e:	0f c0       	rjmp	.+30     	; 0x212e <main+0x166>
    2110:	88 ec       	ldi	r24, 0xC8	; 200
    2112:	90 e0       	ldi	r25, 0x00	; 0
    2114:	98 a3       	std	Y+32, r25	; 0x20
    2116:	8f 8f       	std	Y+31, r24	; 0x1f
    2118:	8f 8d       	ldd	r24, Y+31	; 0x1f
    211a:	98 a1       	ldd	r25, Y+32	; 0x20
    211c:	01 97       	sbiw	r24, 0x01	; 1
    211e:	f1 f7       	brne	.-4      	; 0x211c <main+0x154>
    2120:	98 a3       	std	Y+32, r25	; 0x20
    2122:	8f 8f       	std	Y+31, r24	; 0x1f
		while(__ticks)
		{
			// wait 1/10 ms
			_delay_loop_2(((F_CPU) / 4e3) / 10);
			__ticks --;
    2124:	89 a1       	ldd	r24, Y+33	; 0x21
    2126:	9a a1       	ldd	r25, Y+34	; 0x22
    2128:	01 97       	sbiw	r24, 0x01	; 1
    212a:	9a a3       	std	Y+34, r25	; 0x22
    212c:	89 a3       	std	Y+33, r24	; 0x21
		__ticks = 1;
	else if (__tmp > 65535)
	{
		//	__ticks = requested delay in 1/10 ms
		__ticks = (uint16_t) (__ms * 10.0);
		while(__ticks)
    212e:	89 a1       	ldd	r24, Y+33	; 0x21
    2130:	9a a1       	ldd	r25, Y+34	; 0x22
    2132:	00 97       	sbiw	r24, 0x00	; 0
    2134:	69 f7       	brne	.-38     	; 0x2110 <main+0x148>
    2136:	14 c0       	rjmp	.+40     	; 0x2160 <main+0x198>
			__ticks --;
		}
		return;
	}
	else
		__ticks = (uint16_t)__tmp;
    2138:	6b a1       	ldd	r22, Y+35	; 0x23
    213a:	7c a1       	ldd	r23, Y+36	; 0x24
    213c:	8d a1       	ldd	r24, Y+37	; 0x25
    213e:	9e a1       	ldd	r25, Y+38	; 0x26
    2140:	0e 94 41 00 	call	0x82	; 0x82 <__fixunssfsi>
    2144:	dc 01       	movw	r26, r24
    2146:	cb 01       	movw	r24, r22
    2148:	9a a3       	std	Y+34, r25	; 0x22
    214a:	89 a3       	std	Y+33, r24	; 0x21
    214c:	89 a1       	ldd	r24, Y+33	; 0x21
    214e:	9a a1       	ldd	r25, Y+34	; 0x22
    2150:	9e 8f       	std	Y+30, r25	; 0x1e
    2152:	8d 8f       	std	Y+29, r24	; 0x1d
    2154:	8d 8d       	ldd	r24, Y+29	; 0x1d
    2156:	9e 8d       	ldd	r25, Y+30	; 0x1e
    2158:	01 97       	sbiw	r24, 0x01	; 1
    215a:	f1 f7       	brne	.-4      	; 0x2158 <main+0x190>
    215c:	9e 8f       	std	Y+30, r25	; 0x1e
    215e:	8d 8f       	std	Y+29, r24	; 0x1d
        {
            _delay_ms(30);
            if (MDIO_u8ReadPin(BTN_PORT, BTN_INC_PIN) == DIO_LOW)
    2160:	81 e0       	ldi	r24, 0x01	; 1
    2162:	60 e0       	ldi	r22, 0x00	; 0
    2164:	0e 94 20 09 	call	0x1240	; 0x1240 <MDIO_u8ReadPin>
    2168:	88 23       	and	r24, r24
    216a:	89 f4       	brne	.+34     	; 0x218e <main+0x1c6>
            {
                if (L_u8SetTemp < MAX_TEMP)
    216c:	8d a5       	ldd	r24, Y+45	; 0x2d
    216e:	8c 31       	cpi	r24, 0x1C	; 28
    2170:	40 f4       	brcc	.+16     	; 0x2182 <main+0x1ba>
                {
                    L_u8SetTemp++;
    2172:	8d a5       	ldd	r24, Y+45	; 0x2d
    2174:	8f 5f       	subi	r24, 0xFF	; 255
    2176:	8d a7       	std	Y+45, r24	; 0x2d
                    MEEPROM_voidWriteByte(EEPROM_SET_TEMP_ADDR, L_u8SetTemp);
    2178:	80 e2       	ldi	r24, 0x20	; 32
    217a:	90 e0       	ldi	r25, 0x00	; 0
    217c:	6d a5       	ldd	r22, Y+45	; 0x2d
    217e:	0e 94 93 06 	call	0xd26	; 0xd26 <MEEPROM_voidWriteByte>
                }
                while (MDIO_u8ReadPin(BTN_PORT, BTN_INC_PIN) == DIO_LOW);
    2182:	81 e0       	ldi	r24, 0x01	; 1
    2184:	60 e0       	ldi	r22, 0x00	; 0
    2186:	0e 94 20 09 	call	0x1240	; 0x1240 <MDIO_u8ReadPin>
    218a:	88 23       	and	r24, r24
    218c:	d1 f3       	breq	.-12     	; 0x2182 <main+0x1ba>
            }
        }

        if (MDIO_u8ReadPin(BTN_PORT, BTN_DEC_PIN) == DIO_LOW)
    218e:	81 e0       	ldi	r24, 0x01	; 1
    2190:	61 e0       	ldi	r22, 0x01	; 1
    2192:	0e 94 20 09 	call	0x1240	; 0x1240 <MDIO_u8ReadPin>
    2196:	88 23       	and	r24, r24
    2198:	09 f0       	breq	.+2      	; 0x219c <main+0x1d4>
    219a:	89 c0       	rjmp	.+274    	; 0x22ae <main+0x2e6>
    219c:	80 e0       	ldi	r24, 0x00	; 0
    219e:	90 e0       	ldi	r25, 0x00	; 0
    21a0:	a0 ef       	ldi	r26, 0xF0	; 240
    21a2:	b1 e4       	ldi	r27, 0x41	; 65
    21a4:	89 8f       	std	Y+25, r24	; 0x19
    21a6:	9a 8f       	std	Y+26, r25	; 0x1a
    21a8:	ab 8f       	std	Y+27, r26	; 0x1b
    21aa:	bc 8f       	std	Y+28, r27	; 0x1c
 */
void
_delay_ms(double __ms)
{
	uint16_t __ticks;
	double __tmp = ((F_CPU) / 4e3) * __ms;
    21ac:	69 8d       	ldd	r22, Y+25	; 0x19
    21ae:	7a 8d       	ldd	r23, Y+26	; 0x1a
    21b0:	8b 8d       	ldd	r24, Y+27	; 0x1b
    21b2:	9c 8d       	ldd	r25, Y+28	; 0x1c
    21b4:	20 e0       	ldi	r18, 0x00	; 0
    21b6:	30 e0       	ldi	r19, 0x00	; 0
    21b8:	4a ef       	ldi	r20, 0xFA	; 250
    21ba:	54 e4       	ldi	r21, 0x44	; 68
    21bc:	0e 94 17 02 	call	0x42e	; 0x42e <__mulsf3>
    21c0:	dc 01       	movw	r26, r24
    21c2:	cb 01       	movw	r24, r22
    21c4:	8d 8b       	std	Y+21, r24	; 0x15
    21c6:	9e 8b       	std	Y+22, r25	; 0x16
    21c8:	af 8b       	std	Y+23, r26	; 0x17
    21ca:	b8 8f       	std	Y+24, r27	; 0x18
	if (__tmp < 1.0)
    21cc:	6d 89       	ldd	r22, Y+21	; 0x15
    21ce:	7e 89       	ldd	r23, Y+22	; 0x16
    21d0:	8f 89       	ldd	r24, Y+23	; 0x17
    21d2:	98 8d       	ldd	r25, Y+24	; 0x18
    21d4:	20 e0       	ldi	r18, 0x00	; 0
    21d6:	30 e0       	ldi	r19, 0x00	; 0
    21d8:	40 e8       	ldi	r20, 0x80	; 128
    21da:	5f e3       	ldi	r21, 0x3F	; 63
    21dc:	0e 94 71 03 	call	0x6e2	; 0x6e2 <__ltsf2>
    21e0:	88 23       	and	r24, r24
    21e2:	2c f4       	brge	.+10     	; 0x21ee <main+0x226>
		__ticks = 1;
    21e4:	81 e0       	ldi	r24, 0x01	; 1
    21e6:	90 e0       	ldi	r25, 0x00	; 0
    21e8:	9c 8b       	std	Y+20, r25	; 0x14
    21ea:	8b 8b       	std	Y+19, r24	; 0x13
    21ec:	3f c0       	rjmp	.+126    	; 0x226c <main+0x2a4>
	else if (__tmp > 65535)
    21ee:	6d 89       	ldd	r22, Y+21	; 0x15
    21f0:	7e 89       	ldd	r23, Y+22	; 0x16
    21f2:	8f 89       	ldd	r24, Y+23	; 0x17
    21f4:	98 8d       	ldd	r25, Y+24	; 0x18
    21f6:	20 e0       	ldi	r18, 0x00	; 0
    21f8:	3f ef       	ldi	r19, 0xFF	; 255
    21fa:	4f e7       	ldi	r20, 0x7F	; 127
    21fc:	57 e4       	ldi	r21, 0x47	; 71
    21fe:	0e 94 11 03 	call	0x622	; 0x622 <__gtsf2>
    2202:	18 16       	cp	r1, r24
    2204:	4c f5       	brge	.+82     	; 0x2258 <main+0x290>
	{
		//	__ticks = requested delay in 1/10 ms
		__ticks = (uint16_t) (__ms * 10.0);
    2206:	69 8d       	ldd	r22, Y+25	; 0x19
    2208:	7a 8d       	ldd	r23, Y+26	; 0x1a
    220a:	8b 8d       	ldd	r24, Y+27	; 0x1b
    220c:	9c 8d       	ldd	r25, Y+28	; 0x1c
    220e:	20 e0       	ldi	r18, 0x00	; 0
    2210:	30 e0       	ldi	r19, 0x00	; 0
    2212:	40 e2       	ldi	r20, 0x20	; 32
    2214:	51 e4       	ldi	r21, 0x41	; 65
    2216:	0e 94 17 02 	call	0x42e	; 0x42e <__mulsf3>
    221a:	dc 01       	movw	r26, r24
    221c:	cb 01       	movw	r24, r22
    221e:	bc 01       	movw	r22, r24
    2220:	cd 01       	movw	r24, r26
    2222:	0e 94 41 00 	call	0x82	; 0x82 <__fixunssfsi>
    2226:	dc 01       	movw	r26, r24
    2228:	cb 01       	movw	r24, r22
    222a:	9c 8b       	std	Y+20, r25	; 0x14
    222c:	8b 8b       	std	Y+19, r24	; 0x13
    222e:	0f c0       	rjmp	.+30     	; 0x224e <main+0x286>
    2230:	88 ec       	ldi	r24, 0xC8	; 200
    2232:	90 e0       	ldi	r25, 0x00	; 0
    2234:	9a 8b       	std	Y+18, r25	; 0x12
    2236:	89 8b       	std	Y+17, r24	; 0x11
    2238:	89 89       	ldd	r24, Y+17	; 0x11
    223a:	9a 89       	ldd	r25, Y+18	; 0x12
    223c:	01 97       	sbiw	r24, 0x01	; 1
    223e:	f1 f7       	brne	.-4      	; 0x223c <main+0x274>
    2240:	9a 8b       	std	Y+18, r25	; 0x12
    2242:	89 8b       	std	Y+17, r24	; 0x11
		while(__ticks)
		{
			// wait 1/10 ms
			_delay_loop_2(((F_CPU) / 4e3) / 10);
			__ticks --;
    2244:	8b 89       	ldd	r24, Y+19	; 0x13
    2246:	9c 89       	ldd	r25, Y+20	; 0x14
    2248:	01 97       	sbiw	r24, 0x01	; 1
    224a:	9c 8b       	std	Y+20, r25	; 0x14
    224c:	8b 8b       	std	Y+19, r24	; 0x13
		__ticks = 1;
	else if (__tmp > 65535)
	{
		//	__ticks = requested delay in 1/10 ms
		__ticks = (uint16_t) (__ms * 10.0);
		while(__ticks)
    224e:	8b 89       	ldd	r24, Y+19	; 0x13
    2250:	9c 89       	ldd	r25, Y+20	; 0x14
    2252:	00 97       	sbiw	r24, 0x00	; 0
    2254:	69 f7       	brne	.-38     	; 0x2230 <main+0x268>
    2256:	14 c0       	rjmp	.+40     	; 0x2280 <main+0x2b8>
			__ticks --;
		}
		return;
	}
	else
		__ticks = (uint16_t)__tmp;
    2258:	6d 89       	ldd	r22, Y+21	; 0x15
    225a:	7e 89       	ldd	r23, Y+22	; 0x16
    225c:	8f 89       	ldd	r24, Y+23	; 0x17
    225e:	98 8d       	ldd	r25, Y+24	; 0x18
    2260:	0e 94 41 00 	call	0x82	; 0x82 <__fixunssfsi>
    2264:	dc 01       	movw	r26, r24
    2266:	cb 01       	movw	r24, r22
    2268:	9c 8b       	std	Y+20, r25	; 0x14
    226a:	8b 8b       	std	Y+19, r24	; 0x13
    226c:	8b 89       	ldd	r24, Y+19	; 0x13
    226e:	9c 89       	ldd	r25, Y+20	; 0x14
    2270:	98 8b       	std	Y+16, r25	; 0x10
    2272:	8f 87       	std	Y+15, r24	; 0x0f
    2274:	8f 85       	ldd	r24, Y+15	; 0x0f
    2276:	98 89       	ldd	r25, Y+16	; 0x10
    2278:	01 97       	sbiw	r24, 0x01	; 1
    227a:	f1 f7       	brne	.-4      	; 0x2278 <main+0x2b0>
    227c:	98 8b       	std	Y+16, r25	; 0x10
    227e:	8f 87       	std	Y+15, r24	; 0x0f
        {
            _delay_ms(30);
            if (MDIO_u8ReadPin(BTN_PORT, BTN_DEC_PIN) == DIO_LOW)
    2280:	81 e0       	ldi	r24, 0x01	; 1
    2282:	61 e0       	ldi	r22, 0x01	; 1
    2284:	0e 94 20 09 	call	0x1240	; 0x1240 <MDIO_u8ReadPin>
    2288:	88 23       	and	r24, r24
    228a:	89 f4       	brne	.+34     	; 0x22ae <main+0x2e6>
            {
                if (L_u8SetTemp > MIN_TEMP)
    228c:	8d a5       	ldd	r24, Y+45	; 0x2d
    228e:	88 23       	and	r24, r24
    2290:	41 f0       	breq	.+16     	; 0x22a2 <main+0x2da>
                {
                    L_u8SetTemp--;
    2292:	8d a5       	ldd	r24, Y+45	; 0x2d
    2294:	81 50       	subi	r24, 0x01	; 1
    2296:	8d a7       	std	Y+45, r24	; 0x2d
                    MEEPROM_voidWriteByte(EEPROM_SET_TEMP_ADDR, L_u8SetTemp);
    2298:	80 e2       	ldi	r24, 0x20	; 32
    229a:	90 e0       	ldi	r25, 0x00	; 0
    229c:	6d a5       	ldd	r22, Y+45	; 0x2d
    229e:	0e 94 93 06 	call	0xd26	; 0xd26 <MEEPROM_voidWriteByte>
                }
                while (MDIO_u8ReadPin(BTN_PORT, BTN_DEC_PIN) == DIO_LOW);
    22a2:	81 e0       	ldi	r24, 0x01	; 1
    22a4:	61 e0       	ldi	r22, 0x01	; 1
    22a6:	0e 94 20 09 	call	0x1240	; 0x1240 <MDIO_u8ReadPin>
    22aa:	88 23       	and	r24, r24
    22ac:	d1 f3       	breq	.-12     	; 0x22a2 <main+0x2da>
            }
        }

        HLCD_voidGoTo(0, 0);
    22ae:	80 e0       	ldi	r24, 0x00	; 0
    22b0:	60 e0       	ldi	r22, 0x00	; 0
    22b2:	0e 94 c4 0f 	call	0x1f88	; 0x1f88 <HLCD_voidGoTo>
        HLCD_voidSendString((u8*)"T:");
    22b6:	80 e6       	ldi	r24, 0x60	; 96
    22b8:	90 e0       	ldi	r25, 0x00	; 0
    22ba:	0e 94 81 0e 	call	0x1d02	; 0x1d02 <HLCD_voidSendString>
        HLCD_voidSendNumber(L_u8CurrentTemp);
    22be:	8e a5       	ldd	r24, Y+46	; 0x2e
    22c0:	88 2f       	mov	r24, r24
    22c2:	90 e0       	ldi	r25, 0x00	; 0
    22c4:	a0 e0       	ldi	r26, 0x00	; 0
    22c6:	b0 e0       	ldi	r27, 0x00	; 0
    22c8:	bc 01       	movw	r22, r24
    22ca:	cd 01       	movw	r24, r26
    22cc:	0e 94 aa 0e 	call	0x1d54	; 0x1d54 <HLCD_voidSendNumber>
        HLCD_voidSendString((u8*)"C  Set:");
    22d0:	83 e6       	ldi	r24, 0x63	; 99
    22d2:	90 e0       	ldi	r25, 0x00	; 0
    22d4:	0e 94 81 0e 	call	0x1d02	; 0x1d02 <HLCD_voidSendString>
        HLCD_voidSendNumber(L_u8SetTemp);
    22d8:	8d a5       	ldd	r24, Y+45	; 0x2d
    22da:	88 2f       	mov	r24, r24
    22dc:	90 e0       	ldi	r25, 0x00	; 0
    22de:	a0 e0       	ldi	r26, 0x00	; 0
    22e0:	b0 e0       	ldi	r27, 0x00	; 0
    22e2:	bc 01       	movw	r22, r24
    22e4:	cd 01       	movw	r24, r26
    22e6:	0e 94 aa 0e 	call	0x1d54	; 0x1d54 <HLCD_voidSendNumber>
        HLCD_voidSendString((u8*)"C   ");
    22ea:	8b e6       	ldi	r24, 0x6B	; 107
    22ec:	90 e0       	ldi	r25, 0x00	; 0
    22ee:	0e 94 81 0e 	call	0x1d02	; 0x1d02 <HLCD_voidSendString>

        HLCD_voidGoTo(1, 0);
    22f2:	81 e0       	ldi	r24, 0x01	; 1
    22f4:	60 e0       	ldi	r22, 0x00	; 0
    22f6:	0e 94 c4 0f 	call	0x1f88	; 0x1f88 <HLCD_voidGoTo>

        if (L_u8CurrentTemp == L_u8SetTemp)
    22fa:	9e a5       	ldd	r25, Y+46	; 0x2e
    22fc:	8d a5       	ldd	r24, Y+45	; 0x2d
    22fe:	98 17       	cp	r25, r24
    2300:	a9 f4       	brne	.+42     	; 0x232c <main+0x364>
        {
            HLCD_voidSendString((u8*)"Mode: OFF       ");
    2302:	80 e7       	ldi	r24, 0x70	; 112
    2304:	90 e0       	ldi	r25, 0x00	; 0
    2306:	0e 94 81 0e 	call	0x1d02	; 0x1d02 <HLCD_voidSendString>
            MDIO_voidSetPinValue(LED_YELLOW_PORT, LED_YELLOW_PIN, DIO_LOW);
    230a:	82 e0       	ldi	r24, 0x02	; 2
    230c:	62 e0       	ldi	r22, 0x02	; 2
    230e:	40 e0       	ldi	r20, 0x00	; 0
    2310:	0e 94 c0 07 	call	0xf80	; 0xf80 <MDIO_voidSetPinValue>
            MDIO_voidSetPinValue(LED_GREEN_PORT, LED_GREEN_PIN, DIO_LOW);
    2314:	82 e0       	ldi	r24, 0x02	; 2
    2316:	63 e0       	ldi	r22, 0x03	; 3
    2318:	40 e0       	ldi	r20, 0x00	; 0
    231a:	0e 94 c0 07 	call	0xf80	; 0xf80 <MDIO_voidSetPinValue>

            HMOTOR_voidSetDirection(MOTOR_STOP);
    231e:	80 e0       	ldi	r24, 0x00	; 0
    2320:	0e 94 19 0b 	call	0x1632	; 0x1632 <HMOTOR_voidSetDirection>
            HMOTOR_voidSetSpeed(0);
    2324:	80 e0       	ldi	r24, 0x00	; 0
    2326:	0e 94 56 0b 	call	0x16ac	; 0x16ac <HMOTOR_voidSetSpeed>
    232a:	86 c0       	rjmp	.+268    	; 0x2438 <main+0x470>
        }
        else if (L_u8CurrentTemp > L_u8SetTemp)
    232c:	9e a5       	ldd	r25, Y+46	; 0x2e
    232e:	8d a5       	ldd	r24, Y+45	; 0x2d
    2330:	89 17       	cp	r24, r25
    2332:	08 f0       	brcs	.+2      	; 0x2336 <main+0x36e>
    2334:	41 c0       	rjmp	.+130    	; 0x23b8 <main+0x3f0>
        {
            HLCD_voidSendString((u8*)"Mode: COOLING   ");
    2336:	81 e8       	ldi	r24, 0x81	; 129
    2338:	90 e0       	ldi	r25, 0x00	; 0
    233a:	0e 94 81 0e 	call	0x1d02	; 0x1d02 <HLCD_voidSendString>
            MDIO_voidSetPinValue(LED_YELLOW_PORT, LED_YELLOW_PIN, DIO_LOW);
    233e:	82 e0       	ldi	r24, 0x02	; 2
    2340:	62 e0       	ldi	r22, 0x02	; 2
    2342:	40 e0       	ldi	r20, 0x00	; 0
    2344:	0e 94 c0 07 	call	0xf80	; 0xf80 <MDIO_voidSetPinValue>
            MDIO_voidSetPinValue(LED_GREEN_PORT, LED_GREEN_PIN, DIO_HIGH);
    2348:	82 e0       	ldi	r24, 0x02	; 2
    234a:	63 e0       	ldi	r22, 0x03	; 3
    234c:	41 e0       	ldi	r20, 0x01	; 1
    234e:	0e 94 c0 07 	call	0xf80	; 0xf80 <MDIO_voidSetPinValue>

            L_u8Diff = L_u8CurrentTemp - L_u8SetTemp;
    2352:	9e a5       	ldd	r25, Y+46	; 0x2e
    2354:	8d a5       	ldd	r24, Y+45	; 0x2d
    2356:	29 2f       	mov	r18, r25
    2358:	28 1b       	sub	r18, r24
    235a:	82 2f       	mov	r24, r18
    235c:	8c a7       	std	Y+44, r24	; 0x2c
            L_u8MotorSpeed = (L_u8Diff >= 10) ? 255 : (u8)(L_u8Diff * 25.5);
    235e:	8c a5       	ldd	r24, Y+44	; 0x2c
    2360:	8a 30       	cpi	r24, 0x0A	; 10
    2362:	f8 f4       	brcc	.+62     	; 0x23a2 <main+0x3da>
    2364:	8c a5       	ldd	r24, Y+44	; 0x2c
    2366:	88 2f       	mov	r24, r24
    2368:	90 e0       	ldi	r25, 0x00	; 0
    236a:	aa 27       	eor	r26, r26
    236c:	97 fd       	sbrc	r25, 7
    236e:	a0 95       	com	r26
    2370:	ba 2f       	mov	r27, r26
    2372:	bc 01       	movw	r22, r24
    2374:	cd 01       	movw	r24, r26
    2376:	0e 94 a1 03 	call	0x742	; 0x742 <__floatsisf>
    237a:	dc 01       	movw	r26, r24
    237c:	cb 01       	movw	r24, r22
    237e:	bc 01       	movw	r22, r24
    2380:	cd 01       	movw	r24, r26
    2382:	20 e0       	ldi	r18, 0x00	; 0
    2384:	30 e0       	ldi	r19, 0x00	; 0
    2386:	4c ec       	ldi	r20, 0xCC	; 204
    2388:	51 e4       	ldi	r21, 0x41	; 65
    238a:	0e 94 17 02 	call	0x42e	; 0x42e <__mulsf3>
    238e:	dc 01       	movw	r26, r24
    2390:	cb 01       	movw	r24, r22
    2392:	bc 01       	movw	r22, r24
    2394:	cd 01       	movw	r24, r26
    2396:	0e 94 41 00 	call	0x82	; 0x82 <__fixunssfsi>
    239a:	dc 01       	movw	r26, r24
    239c:	cb 01       	movw	r24, r22
    239e:	88 ab       	std	Y+48, r24	; 0x30
    23a0:	02 c0       	rjmp	.+4      	; 0x23a6 <main+0x3de>
    23a2:	8f ef       	ldi	r24, 0xFF	; 255
    23a4:	88 ab       	std	Y+48, r24	; 0x30
    23a6:	28 a9       	ldd	r18, Y+48	; 0x30
    23a8:	2b a7       	std	Y+43, r18	; 0x2b

            HMOTOR_voidSetDirection(MOTOR_CCW);
    23aa:	82 e0       	ldi	r24, 0x02	; 2
    23ac:	0e 94 19 0b 	call	0x1632	; 0x1632 <HMOTOR_voidSetDirection>
            HMOTOR_voidSetSpeed(L_u8MotorSpeed);
    23b0:	8b a5       	ldd	r24, Y+43	; 0x2b
    23b2:	0e 94 56 0b 	call	0x16ac	; 0x16ac <HMOTOR_voidSetSpeed>
    23b6:	40 c0       	rjmp	.+128    	; 0x2438 <main+0x470>
        }
        else
        {
            HLCD_voidSendString((u8*)"Mode: HEATING   ");
    23b8:	82 e9       	ldi	r24, 0x92	; 146
    23ba:	90 e0       	ldi	r25, 0x00	; 0
    23bc:	0e 94 81 0e 	call	0x1d02	; 0x1d02 <HLCD_voidSendString>
            MDIO_voidSetPinValue(LED_YELLOW_PORT, LED_YELLOW_PIN, DIO_HIGH);
    23c0:	82 e0       	ldi	r24, 0x02	; 2
    23c2:	62 e0       	ldi	r22, 0x02	; 2
    23c4:	41 e0       	ldi	r20, 0x01	; 1
    23c6:	0e 94 c0 07 	call	0xf80	; 0xf80 <MDIO_voidSetPinValue>
            MDIO_voidSetPinValue(LED_GREEN_PORT, LED_GREEN_PIN, DIO_LOW);
    23ca:	82 e0       	ldi	r24, 0x02	; 2
    23cc:	63 e0       	ldi	r22, 0x03	; 3
    23ce:	40 e0       	ldi	r20, 0x00	; 0
    23d0:	0e 94 c0 07 	call	0xf80	; 0xf80 <MDIO_voidSetPinValue>

            L_u8Diff = L_u8SetTemp - L_u8CurrentTemp;
    23d4:	9d a5       	ldd	r25, Y+45	; 0x2d
    23d6:	8e a5       	ldd	r24, Y+46	; 0x2e
    23d8:	29 2f       	mov	r18, r25
    23da:	28 1b       	sub	r18, r24
    23dc:	82 2f       	mov	r24, r18
    23de:	8c a7       	std	Y+44, r24	; 0x2c
            L_u8MotorSpeed = (L_u8Diff >= 10) ? 255 : (u8)(L_u8Diff * 25.5);
    23e0:	8c a5       	ldd	r24, Y+44	; 0x2c
    23e2:	8a 30       	cpi	r24, 0x0A	; 10
    23e4:	f8 f4       	brcc	.+62     	; 0x2424 <main+0x45c>
    23e6:	8c a5       	ldd	r24, Y+44	; 0x2c
    23e8:	88 2f       	mov	r24, r24
    23ea:	90 e0       	ldi	r25, 0x00	; 0
    23ec:	aa 27       	eor	r26, r26
    23ee:	97 fd       	sbrc	r25, 7
    23f0:	a0 95       	com	r26
    23f2:	ba 2f       	mov	r27, r26
    23f4:	bc 01       	movw	r22, r24
    23f6:	cd 01       	movw	r24, r26
    23f8:	0e 94 a1 03 	call	0x742	; 0x742 <__floatsisf>
    23fc:	dc 01       	movw	r26, r24
    23fe:	cb 01       	movw	r24, r22
    2400:	bc 01       	movw	r22, r24
    2402:	cd 01       	movw	r24, r26
    2404:	20 e0       	ldi	r18, 0x00	; 0
    2406:	30 e0       	ldi	r19, 0x00	; 0
    2408:	4c ec       	ldi	r20, 0xCC	; 204
    240a:	51 e4       	ldi	r21, 0x41	; 65
    240c:	0e 94 17 02 	call	0x42e	; 0x42e <__mulsf3>
    2410:	dc 01       	movw	r26, r24
    2412:	cb 01       	movw	r24, r22
    2414:	bc 01       	movw	r22, r24
    2416:	cd 01       	movw	r24, r26
    2418:	0e 94 41 00 	call	0x82	; 0x82 <__fixunssfsi>
    241c:	dc 01       	movw	r26, r24
    241e:	cb 01       	movw	r24, r22
    2420:	8f a7       	std	Y+47, r24	; 0x2f
    2422:	02 c0       	rjmp	.+4      	; 0x2428 <main+0x460>
    2424:	8f ef       	ldi	r24, 0xFF	; 255
    2426:	8f a7       	std	Y+47, r24	; 0x2f
    2428:	2f a5       	ldd	r18, Y+47	; 0x2f
    242a:	2b a7       	std	Y+43, r18	; 0x2b

            HMOTOR_voidSetDirection(MOTOR_CW);
    242c:	81 e0       	ldi	r24, 0x01	; 1
    242e:	0e 94 19 0b 	call	0x1632	; 0x1632 <HMOTOR_voidSetDirection>
            HMOTOR_voidSetSpeed(L_u8MotorSpeed);
    2432:	8b a5       	ldd	r24, Y+43	; 0x2b
    2434:	0e 94 56 0b 	call	0x16ac	; 0x16ac <HMOTOR_voidSetSpeed>
    2438:	80 e0       	ldi	r24, 0x00	; 0
    243a:	90 e0       	ldi	r25, 0x00	; 0
    243c:	a6 e1       	ldi	r26, 0x16	; 22
    243e:	b3 e4       	ldi	r27, 0x43	; 67
    2440:	8b 87       	std	Y+11, r24	; 0x0b
    2442:	9c 87       	std	Y+12, r25	; 0x0c
    2444:	ad 87       	std	Y+13, r26	; 0x0d
    2446:	be 87       	std	Y+14, r27	; 0x0e
 */
void
_delay_ms(double __ms)
{
	uint16_t __ticks;
	double __tmp = ((F_CPU) / 4e3) * __ms;
    2448:	6b 85       	ldd	r22, Y+11	; 0x0b
    244a:	7c 85       	ldd	r23, Y+12	; 0x0c
    244c:	8d 85       	ldd	r24, Y+13	; 0x0d
    244e:	9e 85       	ldd	r25, Y+14	; 0x0e
    2450:	20 e0       	ldi	r18, 0x00	; 0
    2452:	30 e0       	ldi	r19, 0x00	; 0
    2454:	4a ef       	ldi	r20, 0xFA	; 250
    2456:	54 e4       	ldi	r21, 0x44	; 68
    2458:	0e 94 17 02 	call	0x42e	; 0x42e <__mulsf3>
    245c:	dc 01       	movw	r26, r24
    245e:	cb 01       	movw	r24, r22
    2460:	8f 83       	std	Y+7, r24	; 0x07
    2462:	98 87       	std	Y+8, r25	; 0x08
    2464:	a9 87       	std	Y+9, r26	; 0x09
    2466:	ba 87       	std	Y+10, r27	; 0x0a
	if (__tmp < 1.0)
    2468:	6f 81       	ldd	r22, Y+7	; 0x07
    246a:	78 85       	ldd	r23, Y+8	; 0x08
    246c:	89 85       	ldd	r24, Y+9	; 0x09
    246e:	9a 85       	ldd	r25, Y+10	; 0x0a
    2470:	20 e0       	ldi	r18, 0x00	; 0
    2472:	30 e0       	ldi	r19, 0x00	; 0
    2474:	40 e8       	ldi	r20, 0x80	; 128
    2476:	5f e3       	ldi	r21, 0x3F	; 63
    2478:	0e 94 71 03 	call	0x6e2	; 0x6e2 <__ltsf2>
    247c:	88 23       	and	r24, r24
    247e:	2c f4       	brge	.+10     	; 0x248a <main+0x4c2>
		__ticks = 1;
    2480:	81 e0       	ldi	r24, 0x01	; 1
    2482:	90 e0       	ldi	r25, 0x00	; 0
    2484:	9e 83       	std	Y+6, r25	; 0x06
    2486:	8d 83       	std	Y+5, r24	; 0x05
    2488:	3f c0       	rjmp	.+126    	; 0x2508 <main+0x540>
	else if (__tmp > 65535)
    248a:	6f 81       	ldd	r22, Y+7	; 0x07
    248c:	78 85       	ldd	r23, Y+8	; 0x08
    248e:	89 85       	ldd	r24, Y+9	; 0x09
    2490:	9a 85       	ldd	r25, Y+10	; 0x0a
    2492:	20 e0       	ldi	r18, 0x00	; 0
    2494:	3f ef       	ldi	r19, 0xFF	; 255
    2496:	4f e7       	ldi	r20, 0x7F	; 127
    2498:	57 e4       	ldi	r21, 0x47	; 71
    249a:	0e 94 11 03 	call	0x622	; 0x622 <__gtsf2>
    249e:	18 16       	cp	r1, r24
    24a0:	4c f5       	brge	.+82     	; 0x24f4 <main+0x52c>
	{
		//	__ticks = requested delay in 1/10 ms
		__ticks = (uint16_t) (__ms * 10.0);
    24a2:	6b 85       	ldd	r22, Y+11	; 0x0b
    24a4:	7c 85       	ldd	r23, Y+12	; 0x0c
    24a6:	8d 85       	ldd	r24, Y+13	; 0x0d
    24a8:	9e 85       	ldd	r25, Y+14	; 0x0e
    24aa:	20 e0       	ldi	r18, 0x00	; 0
    24ac:	30 e0       	ldi	r19, 0x00	; 0
    24ae:	40 e2       	ldi	r20, 0x20	; 32
    24b0:	51 e4       	ldi	r21, 0x41	; 65
    24b2:	0e 94 17 02 	call	0x42e	; 0x42e <__mulsf3>
    24b6:	dc 01       	movw	r26, r24
    24b8:	cb 01       	movw	r24, r22
    24ba:	bc 01       	movw	r22, r24
    24bc:	cd 01       	movw	r24, r26
    24be:	0e 94 41 00 	call	0x82	; 0x82 <__fixunssfsi>
    24c2:	dc 01       	movw	r26, r24
    24c4:	cb 01       	movw	r24, r22
    24c6:	9e 83       	std	Y+6, r25	; 0x06
    24c8:	8d 83       	std	Y+5, r24	; 0x05
    24ca:	0f c0       	rjmp	.+30     	; 0x24ea <main+0x522>
    24cc:	88 ec       	ldi	r24, 0xC8	; 200
    24ce:	90 e0       	ldi	r25, 0x00	; 0
    24d0:	9c 83       	std	Y+4, r25	; 0x04
    24d2:	8b 83       	std	Y+3, r24	; 0x03
    24d4:	8b 81       	ldd	r24, Y+3	; 0x03
    24d6:	9c 81       	ldd	r25, Y+4	; 0x04
    24d8:	01 97       	sbiw	r24, 0x01	; 1
    24da:	f1 f7       	brne	.-4      	; 0x24d8 <main+0x510>
    24dc:	9c 83       	std	Y+4, r25	; 0x04
    24de:	8b 83       	std	Y+3, r24	; 0x03
		while(__ticks)
		{
			// wait 1/10 ms
			_delay_loop_2(((F_CPU) / 4e3) / 10);
			__ticks --;
    24e0:	8d 81       	ldd	r24, Y+5	; 0x05
    24e2:	9e 81       	ldd	r25, Y+6	; 0x06
    24e4:	01 97       	sbiw	r24, 0x01	; 1
    24e6:	9e 83       	std	Y+6, r25	; 0x06
    24e8:	8d 83       	std	Y+5, r24	; 0x05
		__ticks = 1;
	else if (__tmp > 65535)
	{
		//	__ticks = requested delay in 1/10 ms
		__ticks = (uint16_t) (__ms * 10.0);
		while(__ticks)
    24ea:	8d 81       	ldd	r24, Y+5	; 0x05
    24ec:	9e 81       	ldd	r25, Y+6	; 0x06
    24ee:	00 97       	sbiw	r24, 0x00	; 0
    24f0:	69 f7       	brne	.-38     	; 0x24cc <main+0x504>
    24f2:	ba cd       	rjmp	.-1164   	; 0x2068 <main+0xa0>
			__ticks --;
		}
		return;
	}
	else
		__ticks = (uint16_t)__tmp;
    24f4:	6f 81       	ldd	r22, Y+7	; 0x07
    24f6:	78 85       	ldd	r23, Y+8	; 0x08
    24f8:	89 85       	ldd	r24, Y+9	; 0x09
    24fa:	9a 85       	ldd	r25, Y+10	; 0x0a
    24fc:	0e 94 41 00 	call	0x82	; 0x82 <__fixunssfsi>
    2500:	dc 01       	movw	r26, r24
    2502:	cb 01       	movw	r24, r22
    2504:	9e 83       	std	Y+6, r25	; 0x06
    2506:	8d 83       	std	Y+5, r24	; 0x05
    2508:	8d 81       	ldd	r24, Y+5	; 0x05
    250a:	9e 81       	ldd	r25, Y+6	; 0x06
    250c:	9a 83       	std	Y+2, r25	; 0x02
    250e:	89 83       	std	Y+1, r24	; 0x01
    2510:	89 81       	ldd	r24, Y+1	; 0x01
    2512:	9a 81       	ldd	r25, Y+2	; 0x02
    2514:	01 97       	sbiw	r24, 0x01	; 1
    2516:	f1 f7       	brne	.-4      	; 0x2514 <main+0x54c>
    2518:	9a 83       	std	Y+2, r25	; 0x02
    251a:	89 83       	std	Y+1, r24	; 0x01
    251c:	a5 cd       	rjmp	.-1206   	; 0x2068 <main+0xa0>

0000251e <__mulsi3>:
    251e:	62 9f       	mul	r22, r18
    2520:	d0 01       	movw	r26, r0
    2522:	73 9f       	mul	r23, r19
    2524:	f0 01       	movw	r30, r0
    2526:	82 9f       	mul	r24, r18
    2528:	e0 0d       	add	r30, r0
    252a:	f1 1d       	adc	r31, r1
    252c:	64 9f       	mul	r22, r20
    252e:	e0 0d       	add	r30, r0
    2530:	f1 1d       	adc	r31, r1
    2532:	92 9f       	mul	r25, r18
    2534:	f0 0d       	add	r31, r0
    2536:	83 9f       	mul	r24, r19
    2538:	f0 0d       	add	r31, r0
    253a:	74 9f       	mul	r23, r20
    253c:	f0 0d       	add	r31, r0
    253e:	65 9f       	mul	r22, r21
    2540:	f0 0d       	add	r31, r0
    2542:	99 27       	eor	r25, r25
    2544:	72 9f       	mul	r23, r18
    2546:	b0 0d       	add	r27, r0
    2548:	e1 1d       	adc	r30, r1
    254a:	f9 1f       	adc	r31, r25
    254c:	63 9f       	mul	r22, r19
    254e:	b0 0d       	add	r27, r0
    2550:	e1 1d       	adc	r30, r1
    2552:	f9 1f       	adc	r31, r25
    2554:	bd 01       	movw	r22, r26
    2556:	cf 01       	movw	r24, r30
    2558:	11 24       	eor	r1, r1
    255a:	08 95       	ret

0000255c <__divmodsi4>:
    255c:	97 fb       	bst	r25, 7
    255e:	09 2e       	mov	r0, r25
    2560:	05 26       	eor	r0, r21
    2562:	0e d0       	rcall	.+28     	; 0x2580 <__divmodsi4_neg1>
    2564:	57 fd       	sbrc	r21, 7
    2566:	04 d0       	rcall	.+8      	; 0x2570 <__divmodsi4_neg2>
    2568:	14 d0       	rcall	.+40     	; 0x2592 <__udivmodsi4>
    256a:	0a d0       	rcall	.+20     	; 0x2580 <__divmodsi4_neg1>
    256c:	00 1c       	adc	r0, r0
    256e:	38 f4       	brcc	.+14     	; 0x257e <__divmodsi4_exit>

00002570 <__divmodsi4_neg2>:
    2570:	50 95       	com	r21
    2572:	40 95       	com	r20
    2574:	30 95       	com	r19
    2576:	21 95       	neg	r18
    2578:	3f 4f       	sbci	r19, 0xFF	; 255
    257a:	4f 4f       	sbci	r20, 0xFF	; 255
    257c:	5f 4f       	sbci	r21, 0xFF	; 255

0000257e <__divmodsi4_exit>:
    257e:	08 95       	ret

00002580 <__divmodsi4_neg1>:
    2580:	f6 f7       	brtc	.-4      	; 0x257e <__divmodsi4_exit>
    2582:	90 95       	com	r25
    2584:	80 95       	com	r24
    2586:	70 95       	com	r23
    2588:	61 95       	neg	r22
    258a:	7f 4f       	sbci	r23, 0xFF	; 255
    258c:	8f 4f       	sbci	r24, 0xFF	; 255
    258e:	9f 4f       	sbci	r25, 0xFF	; 255
    2590:	08 95       	ret

00002592 <__udivmodsi4>:
    2592:	a1 e2       	ldi	r26, 0x21	; 33
    2594:	1a 2e       	mov	r1, r26
    2596:	aa 1b       	sub	r26, r26
    2598:	bb 1b       	sub	r27, r27
    259a:	fd 01       	movw	r30, r26
    259c:	0d c0       	rjmp	.+26     	; 0x25b8 <__udivmodsi4_ep>

0000259e <__udivmodsi4_loop>:
    259e:	aa 1f       	adc	r26, r26
    25a0:	bb 1f       	adc	r27, r27
    25a2:	ee 1f       	adc	r30, r30
    25a4:	ff 1f       	adc	r31, r31
    25a6:	a2 17       	cp	r26, r18
    25a8:	b3 07       	cpc	r27, r19
    25aa:	e4 07       	cpc	r30, r20
    25ac:	f5 07       	cpc	r31, r21
    25ae:	20 f0       	brcs	.+8      	; 0x25b8 <__udivmodsi4_ep>
    25b0:	a2 1b       	sub	r26, r18
    25b2:	b3 0b       	sbc	r27, r19
    25b4:	e4 0b       	sbc	r30, r20
    25b6:	f5 0b       	sbc	r31, r21

000025b8 <__udivmodsi4_ep>:
    25b8:	66 1f       	adc	r22, r22
    25ba:	77 1f       	adc	r23, r23
    25bc:	88 1f       	adc	r24, r24
    25be:	99 1f       	adc	r25, r25
    25c0:	1a 94       	dec	r1
    25c2:	69 f7       	brne	.-38     	; 0x259e <__udivmodsi4_loop>
    25c4:	60 95       	com	r22
    25c6:	70 95       	com	r23
    25c8:	80 95       	com	r24
    25ca:	90 95       	com	r25
    25cc:	9b 01       	movw	r18, r22
    25ce:	ac 01       	movw	r20, r24
    25d0:	bd 01       	movw	r22, r26
    25d2:	cf 01       	movw	r24, r30
    25d4:	08 95       	ret

000025d6 <__prologue_saves__>:
    25d6:	2f 92       	push	r2
    25d8:	3f 92       	push	r3
    25da:	4f 92       	push	r4
    25dc:	5f 92       	push	r5
    25de:	6f 92       	push	r6
    25e0:	7f 92       	push	r7
    25e2:	8f 92       	push	r8
    25e4:	9f 92       	push	r9
    25e6:	af 92       	push	r10
    25e8:	bf 92       	push	r11
    25ea:	cf 92       	push	r12
    25ec:	df 92       	push	r13
    25ee:	ef 92       	push	r14
    25f0:	ff 92       	push	r15
    25f2:	0f 93       	push	r16
    25f4:	1f 93       	push	r17
    25f6:	cf 93       	push	r28
    25f8:	df 93       	push	r29
    25fa:	cd b7       	in	r28, 0x3d	; 61
    25fc:	de b7       	in	r29, 0x3e	; 62
    25fe:	ca 1b       	sub	r28, r26
    2600:	db 0b       	sbc	r29, r27
    2602:	0f b6       	in	r0, 0x3f	; 63
    2604:	f8 94       	cli
    2606:	de bf       	out	0x3e, r29	; 62
    2608:	0f be       	out	0x3f, r0	; 63
    260a:	cd bf       	out	0x3d, r28	; 61
    260c:	09 94       	ijmp

0000260e <__epilogue_restores__>:
    260e:	2a 88       	ldd	r2, Y+18	; 0x12
    2610:	39 88       	ldd	r3, Y+17	; 0x11
    2612:	48 88       	ldd	r4, Y+16	; 0x10
    2614:	5f 84       	ldd	r5, Y+15	; 0x0f
    2616:	6e 84       	ldd	r6, Y+14	; 0x0e
    2618:	7d 84       	ldd	r7, Y+13	; 0x0d
    261a:	8c 84       	ldd	r8, Y+12	; 0x0c
    261c:	9b 84       	ldd	r9, Y+11	; 0x0b
    261e:	aa 84       	ldd	r10, Y+10	; 0x0a
    2620:	b9 84       	ldd	r11, Y+9	; 0x09
    2622:	c8 84       	ldd	r12, Y+8	; 0x08
    2624:	df 80       	ldd	r13, Y+7	; 0x07
    2626:	ee 80       	ldd	r14, Y+6	; 0x06
    2628:	fd 80       	ldd	r15, Y+5	; 0x05
    262a:	0c 81       	ldd	r16, Y+4	; 0x04
    262c:	1b 81       	ldd	r17, Y+3	; 0x03
    262e:	aa 81       	ldd	r26, Y+2	; 0x02
    2630:	b9 81       	ldd	r27, Y+1	; 0x01
    2632:	ce 0f       	add	r28, r30
    2634:	d1 1d       	adc	r29, r1
    2636:	0f b6       	in	r0, 0x3f	; 63
    2638:	f8 94       	cli
    263a:	de bf       	out	0x3e, r29	; 62
    263c:	0f be       	out	0x3f, r0	; 63
    263e:	cd bf       	out	0x3d, r28	; 61
    2640:	ed 01       	movw	r28, r26
    2642:	08 95       	ret

00002644 <_exit>:
    2644:	f8 94       	cli

00002646 <__stop_program>:
    2646:	ff cf       	rjmp	.-2      	; 0x2646 <__stop_program>
